roi,delta_feature,feature_name,n,pearson_r,pearson_p,spearman_rho,spearman_p,spearman_q_fdr,pearson_q_fdr
Right_Thalamus,Right_Thalamus_original_shape_Sphericity_delta,original_shape_Sphericity,96,-0.29194585288107094,0.0038997434308432753,-0.3091502012031303,0.0021780814855737996,0.2217586864516438,0.49916715914793924
Right_Thalamus,Right_Thalamus_original_shape_SurfaceVolumeRatio_delta,original_shape_SurfaceVolumeRatio,96,0.2251258305643059,0.02743513382323834,0.2955211500217912,0.003464979475806934,0.2217586864516438,0.9598185392784896
Right_Thalamus,Right_Thalamus_original_shape_MeshVolume_delta,original_shape_MeshVolume,96,-0.061319158995363054,0.5528524132674659,-0.23935933230549913,0.018835865265009858,0.6064795773854355,0.9598185392784896
Right_Thalamus,Right_Thalamus_original_shape_VoxelVolume_delta,original_shape_VoxelVolume,96,-0.060331136637815426,0.559280277509305,-0.23913185201224652,0.018952486793294858,0.6064795773854355,0.9598185392784896
Right_Hippocampus,Right_Hippocampus_original_shape_MeshVolume_delta,original_shape_MeshVolume,96,-0.1799802362198342,0.07931100687898733,-0.2132756631457537,0.03694587694421549,0.8319246131345358,0.9598185392784896
Right_Hippocampus,Right_Hippocampus_original_shape_VoxelVolume_delta,original_shape_VoxelVolume,96,-0.17195286861988934,0.0938911210495356,-0.21106418183220707,0.038996466240681364,0.8319246131345358,0.9598185392784896
Right_Hippocampus,Right_Hippocampus_original_firstorder_Kurtosis_delta,original_firstorder_Kurtosis,96,-0.09505144512058372,0.356946865986581,-0.19238903672233928,0.060393365961862636,0.9662938553898022,0.9598185392784896
Right_Hippocampus,Right_Hippocampus_original_shape_SurfaceVolumeRatio_delta,original_shape_SurfaceVolumeRatio,96,0.1646891633645982,0.10883550786437214,0.19451286203542725,0.05755862254503142,0.9662938553898022,0.9598185392784896
Left_Hippocampus,Left_Hippocampus_original_firstorder_90Percentile_delta,original_firstorder_90Percentile,96,0.0678151145522228,0.5115011035000651,0.011417076388638505,0.9120903570271914,0.9730031811318856,0.9598185392784896
Left_Hippocampus,Left_Hippocampus_original_firstorder_Energy_delta,original_firstorder_Energy,96,0.07308517408563325,0.4791611794606689,0.03351705775555321,0.745795706863388,0.9730031811318856,0.9598185392784896
Left_Hippocampus,Left_Hippocampus_original_firstorder_Entropy_delta,original_firstorder_Entropy,96,0.06753407162059559,0.513256669772469,0.02580940032792284,0.8028901860121811,0.9730031811318856,0.9598185392784896
Left_Hippocampus,Left_Hippocampus_original_firstorder_Kurtosis_delta,original_firstorder_Kurtosis,96,-0.12637340807552727,0.21985742209003895,-0.10901131184826485,0.2903968346637117,0.9730031811318856,0.9598185392784896
Left_Hippocampus,Left_Hippocampus_original_firstorder_Maximum_delta,original_firstorder_Maximum,96,-0.05939571710966558,0.5653986187655,-0.08585360537127905,0.4055737487597214,0.9730031811318856,0.9598185392784896
Left_Hippocampus,Left_Hippocampus_original_firstorder_Mean_delta,original_firstorder_Mean,96,0.04075149471090424,0.6934223793498757,0.010773842316724194,0.9170250229881822,0.9730031811318856,0.9598185392784896
Left_Hippocampus,Left_Hippocampus_original_firstorder_MeanAbsoluteDeviation_delta,original_firstorder_MeanAbsoluteDeviation,96,0.06965896822473366,0.5000602361687216,0.04868623391558852,0.6376004405606657,0.9730031811318856,0.9598185392784896
Left_Hippocampus,Left_Hippocampus_original_firstorder_Median_delta,original_firstorder_Median,96,0.04422671248749426,0.6687497407939879,0.03292543740532977,0.7501341222335501,0.9730031811318856,0.9598185392784896
Left_Hippocampus,Left_Hippocampus_original_firstorder_Minimum_delta,original_firstorder_Minimum,96,-0.04818955090587727,0.6410399853747432,-0.02266685171535754,0.8264881972440977,0.9730031811318856,0.9598185392784896
Left_Hippocampus,Left_Hippocampus_original_firstorder_Range_delta,original_firstorder_Range,96,-0.044503286785393205,0.6668007891286868,-0.0480319905255563,0.6421326865451993,0.9730031811318856,0.9598185392784896
Left_Hippocampus,Left_Hippocampus_original_firstorder_RootMeanSquared_delta,original_firstorder_RootMeanSquared,96,0.05364389232417741,0.6036982960670694,0.017089057982793598,0.8687420293547389,0.9730031811318856,0.9598185392784896
Left_Hippocampus,Left_Hippocampus_original_firstorder_Skewness_delta,original_firstorder_Skewness,96,-0.04855287218841521,0.6385232246861595,-0.12138857195102894,0.23873970543400105,0.9730031811318856,0.9598185392784896
Left_Hippocampus,Left_Hippocampus_original_firstorder_TotalEnergy_delta,original_firstorder_TotalEnergy,96,0.07308517408563325,0.4791611794606689,0.03351705775555321,0.745795706863388,0.9730031811318856,0.9598185392784896
Left_Hippocampus,Left_Hippocampus_original_firstorder_Uniformity_delta,original_firstorder_Uniformity,96,-0.04862372545934962,0.6380328933342971,-0.027588631467695177,0.789606133430191,0.9730031811318856,0.9598185392784896
Left_Hippocampus,Left_Hippocampus_original_firstorder_Variance_delta,original_firstorder_Variance,96,0.09889387893906296,0.33775133723363054,0.03849609193325603,0.7096097199972794,0.9730031811318856,0.9598185392784896
Left_Hippocampus,Left_Hippocampus_original_shape_Elongation_delta,original_shape_Elongation,96,0.11550332250187274,0.2624464429149951,0.05292685200761507,0.6085521685663547,0.9730031811318856,0.9598185392784896
Left_Hippocampus,Left_Hippocampus_original_shape_LeastAxisLength_delta,original_shape_LeastAxisLength,96,-0.06610367638089329,0.5222393985713243,-0.054684985544939516,0.5966814610956088,0.9730031811318856,0.9598185392784896
Left_Hippocampus,Left_Hippocampus_original_shape_Maximum2DDiameterColumn_delta,original_shape_Maximum2DDiameterColumn,96,-0.04324885288976256,0.6756580319781318,-0.09168697490178164,0.37429839164638623,0.9730031811318856,0.9598185392784896
Left_Hippocampus,Left_Hippocampus_original_shape_Maximum2DDiameterRow_delta,original_shape_Maximum2DDiameterRow,96,-0.14452054589062424,0.16006755684886234,-0.16575795414281913,0.10652717237672384,0.9730031811318856,0.9598185392784896
Left_Hippocampus,Left_Hippocampus_original_shape_Maximum2DDiameterSlice_delta,original_shape_Maximum2DDiameterSlice,96,0.08776642042310881,0.39515298584155334,0.1004253883856572,0.33028584395880345,0.9730031811318856,0.9598185392784896
Left_Hippocampus,Left_Hippocampus_original_shape_MinorAxisLength_delta,original_shape_MinorAxisLength,96,0.13573502853074104,0.1872973238379521,0.05450213965705778,0.5979111719355423,0.9730031811318856,0.9598185392784896
Left_Hippocampus,Left_Hippocampus_original_shape_Sphericity_delta,original_shape_Sphericity,96,-0.17402220112889258,0.08994433923186726,-0.07186546647167398,0.48654687391155627,0.9730031811318856,0.9598185392784896
Left_Hippocampus,Left_Hippocampus_original_shape_SurfaceArea_delta,original_shape_SurfaceArea,96,0.18854638282177943,0.06581117611406995,0.13802754774826748,0.17988749316872804,0.9730031811318856,0.9598185392784896
Left_Hippocampus,Left_Hippocampus_original_shape_SurfaceVolumeRatio_delta,original_shape_SurfaceVolumeRatio,96,0.11317323259107434,0.2722600782716207,0.03756076489139943,0.7163612084286852,0.9730031811318856,0.9598185392784896
Left_Hippocampus,Left_Hippocampus_original_shape_VoxelVolume_delta,original_shape_VoxelVolume,96,0.05709015263198171,0.5806123682135153,0.013591847293421198,0.8954320540425459,0.9730031811318856,0.9598185392784896
Left_Thalamus,Left_Thalamus_original_firstorder_10Percentile_delta,original_firstorder_10Percentile,96,0.07104317500710117,0.4915600517147659,0.033265610245665544,0.7476386383949132,0.9730031811318856,0.9598185392784896
Left_Thalamus,Left_Thalamus_original_firstorder_90Percentile_delta,original_firstorder_90Percentile,96,0.1154892296457342,0.26250506568739884,0.10783725245784594,0.29565452868730685,0.9730031811318856,0.9598185392784896
Left_Thalamus,Left_Thalamus_original_firstorder_Energy_delta,original_firstorder_Energy,96,0.03811397011254129,0.712365322120754,0.01819316584423335,0.860344716300947,0.9730031811318856,0.9598185392784896
Left_Thalamus,Left_Thalamus_original_firstorder_Entropy_delta,original_firstorder_Entropy,96,0.11623767588055256,0.25940402084663744,0.11538278778752863,0.262948124709415,0.9730031811318856,0.9598185392784896
Left_Thalamus,Left_Thalamus_original_firstorder_InterquartileRange_delta,original_firstorder_InterquartileRange,96,0.08673538387387447,0.4007500099467278,0.08711685295738202,0.39867375011679806,0.9730031811318856,0.9598185392784896
Left_Thalamus,Left_Thalamus_original_firstorder_Maximum_delta,original_firstorder_Maximum,96,0.067379303174254,0.514224764806734,0.05141916013683825,0.6188135356814962,0.9730031811318856,0.9598185392784896
Left_Thalamus,Left_Thalamus_original_firstorder_Mean_delta,original_firstorder_Mean,96,0.10114913128081218,0.3267947452290611,0.07896832596246475,0.4443975716607096,0.9730031811318856,0.9598185392784896
Left_Thalamus,Left_Thalamus_original_firstorder_MeanAbsoluteDeviation_delta,original_firstorder_MeanAbsoluteDeviation,96,0.10575840226814927,0.30511697886897843,0.1256502876455034,0.22252914402915655,0.9730031811318856,0.9598185392784896
Left_Thalamus,Left_Thalamus_original_firstorder_Median_delta,original_firstorder_Median,96,0.060919247907107975,0.5554498515794528,0.05899329291608004,0.5680404728675068,0.9730031811318856,0.9598185392784896
Left_Thalamus,Left_Thalamus_original_firstorder_Minimum_delta,original_firstorder_Minimum,96,-0.06121282453814303,0.5535424873861032,-0.06318349834827608,0.5408213994754547,0.9730031811318856,0.9598185392784896
Left_Thalamus,Left_Thalamus_original_firstorder_Range_delta,original_firstorder_Range,96,0.07608858534720823,0.461234211387854,0.0703594521256151,0.4957491153720923,0.9730031811318856,0.9598185392784896
Left_Thalamus,Left_Thalamus_original_firstorder_RobustMeanAbsoluteDeviation_delta,original_firstorder_RobustMeanAbsoluteDeviation,96,0.08175963706202669,0.4284126327298221,0.10372284616799292,0.3145718441681137,0.9730031811318856,0.9598185392784896
Left_Thalamus,Left_Thalamus_original_firstorder_RootMeanSquared_delta,original_firstorder_RootMeanSquared,96,0.10423667893689238,0.3121674725851444,0.08862399534945059,0.39053322028606885,0.9730031811318856,0.9598185392784896
Left_Thalamus,Left_Thalamus_original_firstorder_TotalEnergy_delta,original_firstorder_TotalEnergy,96,0.03811397011254129,0.712365322120754,0.01819316584423335,0.860344716300947,0.9730031811318856,0.9598185392784896
Left_Thalamus,Left_Thalamus_original_firstorder_Uniformity_delta,original_firstorder_Uniformity,96,-0.10437867341762198,0.3115051465506487,-0.09786474522162787,0.34282739249276895,0.9730031811318856,0.9598185392784896
Left_Thalamus,Left_Thalamus_original_firstorder_Variance_delta,original_firstorder_Variance,96,0.07774579241660833,0.4515026984597508,0.1065991526350557,0.30126653015292787,0.9730031811318856,0.9598185392784896
Left_Thalamus,Left_Thalamus_original_shape_Elongation_delta,original_shape_Elongation,96,0.08439953055264526,0.41360234262053774,0.04093638128306236,0.6921013898156176,0.9730031811318856,0.9598185392784896
Left_Thalamus,Left_Thalamus_original_shape_LeastAxisLength_delta,original_shape_LeastAxisLength,96,-0.09138099801608494,0.37590145663119523,-0.04521216204583541,0.661815636271146,0.9730031811318856,0.9598185392784896
Left_Thalamus,Left_Thalamus_original_shape_MajorAxisLength_delta,original_shape_MajorAxisLength,96,-0.08849821692717043,0.39120876195846777,-0.0749668140315143,0.4678864132497028,0.9730031811318856,0.9598185392784896
Left_Thalamus,Left_Thalamus_original_shape_Maximum2DDiameterRow_delta,original_shape_Maximum2DDiameterRow,96,0.05857683727113467,0.570780544283807,0.047148992988595796,0.6482704460781841,0.9730031811318856,0.9598185392784896
Left_Thalamus,Left_Thalamus_original_shape_Maximum2DDiameterSlice_delta,original_shape_Maximum2DDiameterSlice,96,-0.08879653027359281,0.38960769007555274,-0.0873664524760292,0.3973186859222425,0.9730031811318856,0.9598185392784896
Left_Thalamus,Left_Thalamus_original_shape_Maximum3DDiameter_delta,original_shape_Maximum3DDiameter,96,-0.0982750417607744,0.34079794073291186,-0.1739844490998881,0.09001514686373982,0.9730031811318856,0.9598185392784896
Left_Thalamus,Left_Thalamus_original_shape_MeshVolume_delta,original_shape_MeshVolume,96,-0.05565790977245208,0.5901572999292185,-0.06833184978969599,0.5082813272064419,0.9730031811318856,0.9598185392784896
Left_Thalamus,Left_Thalamus_original_shape_SurfaceArea_delta,original_shape_SurfaceArea,96,-0.04388129138267073,0.6711869257022077,-0.0775125913935601,0.4528651612428438,0.9730031811318856,0.9598185392784896
Left_Thalamus,Left_Thalamus_original_shape_SurfaceVolumeRatio_delta,original_shape_SurfaceVolumeRatio,96,0.05208149230014744,0.6142965293422564,0.014747224111077439,0.8866000546833768,0.9730031811318856,0.9598185392784896
Left_Thalamus,Left_Thalamus_original_shape_VoxelVolume_delta,original_shape_VoxelVolume,96,-0.05038961271024357,0.6258630604229054,-0.062498005911524955,0.5452300372905319,0.9730031811318856,0.9598185392784896
Right_Hippocampus,Right_Hippocampus_original_firstorder_90Percentile_delta,original_firstorder_90Percentile,96,0.1731105876045242,0.0916665307112761,0.10099739543249943,0.32752470823180546,0.9730031811318856,0.9598185392784896
Right_Hippocampus,Right_Hippocampus_original_firstorder_Energy_delta,original_firstorder_Energy,96,0.039333181885039814,0.7035862855931132,-0.059966418691062146,0.561662040939557,0.9730031811318856,0.9598185392784896
Right_Hippocampus,Right_Hippocampus_original_firstorder_InterquartileRange_delta,original_firstorder_InterquartileRange,96,0.06866660334160929,0.506201075303628,0.07123571862955419,0.4903837503656252,0.9730031811318856,0.9598185392784896
Right_Hippocampus,Right_Hippocampus_original_firstorder_Maximum_delta,original_firstorder_Maximum,96,-0.10027499541817361,0.3310142601579201,-0.11896759240941773,0.24830521782333617,0.9730031811318856,0.9598185392784896
Right_Hippocampus,Right_Hippocampus_original_firstorder_Mean_delta,original_firstorder_Mean,96,0.14756529539636845,0.15135362226434004,0.058988896444309755,0.5680693671003172,0.9730031811318856,0.9598185392784896
Right_Hippocampus,Right_Hippocampus_original_firstorder_MeanAbsoluteDeviation_delta,original_firstorder_MeanAbsoluteDeviation,96,0.07411384201671581,0.47297940739798205,0.014655801167136568,0.8872984251365221,0.9730031811318856,0.9598185392784896
Right_Hippocampus,Right_Hippocampus_original_firstorder_Median_delta,original_firstorder_Median,96,0.14502469309182714,0.15859949309954932,0.06474376979259973,0.5308525774409121,0.9730031811318856,0.9598185392784896
Right_Hippocampus,Right_Hippocampus_original_firstorder_Minimum_delta,original_firstorder_Minimum,96,-0.10345800875631163,0.3158157605301523,-0.1541369726219283,0.13376454542477131,0.9730031811318856,0.9598185392784896
Right_Hippocampus,Right_Hippocampus_original_firstorder_Range_delta,original_firstorder_Range,96,-0.0632450934322949,0.5404261203581365,-0.0821864182995182,0.42599794789554335,0.9730031811318856,0.9598185392784896
Right_Hippocampus,Right_Hippocampus_original_firstorder_RobustMeanAbsoluteDeviation_delta,original_firstorder_RobustMeanAbsoluteDeviation,96,0.10092900636122158,0.3278540510318515,0.09496030861796788,0.35741020934488543,0.9730031811318856,0.9598185392784896
Right_Hippocampus,Right_Hippocampus_original_firstorder_RootMeanSquared_delta,original_firstorder_RootMeanSquared,96,0.14812391429908164,0.1497942409861252,0.03643555942751178,0.7245122606567158,0.9730031811318856,0.9598185392784896
Right_Hippocampus,Right_Hippocampus_original_firstorder_Skewness_delta,original_firstorder_Skewness,96,-0.07428160882492472,0.4719753265185173,-0.13690234228437984,0.18349711802260327,0.9730031811318856,0.9598185392784896
Right_Hippocampus,Right_Hippocampus_original_firstorder_TotalEnergy_delta,original_firstorder_TotalEnergy,96,0.039333181885039814,0.7035862855931132,-0.059966418691062146,0.561662040939557,0.9730031811318856,0.9598185392784896
Right_Hippocampus,Right_Hippocampus_original_firstorder_Uniformity_delta,original_firstorder_Uniformity,96,-0.061499387676243425,0.5516837399513785,-0.02640013319646386,0.7984732506344716,0.9730031811318856,0.9598185392784896
Right_Hippocampus,Right_Hippocampus_original_firstorder_Variance_delta,original_firstorder_Variance,96,0.04721539800557698,0.6478080362284908,-0.026948670860109082,0.7943774821738263,0.9730031811318856,0.9598185392784896
Right_Hippocampus,Right_Hippocampus_original_shape_Flatness_delta,original_shape_Flatness,96,-0.11205025317667243,0.2770768677537623,-0.10782984611118283,0.2956878937119544,0.9730031811318856,0.9598185392784896
Right_Hippocampus,Right_Hippocampus_original_shape_LeastAxisLength_delta,original_shape_LeastAxisLength,96,-0.10624794735177327,0.3028710821522343,-0.12271772090524621,0.23359832409781095,0.9730031811318856,0.9598185392784896
Right_Hippocampus,Right_Hippocampus_original_shape_Maximum2DDiameterColumn_delta,original_shape_Maximum2DDiameterColumn,96,0.0906819218196307,0.3795796544041966,0.022356729328129335,0.8288257161692327,0.9730031811318856,0.9598185392784896
Right_Hippocampus,Right_Hippocampus_original_shape_Sphericity_delta,original_shape_Sphericity,96,-0.09227847830444033,0.37121122189648315,-0.10842057897972383,0.2930344772889336,0.9730031811318856,0.9598185392784896
Right_Hippocampus,Right_Hippocampus_original_shape_SurfaceArea_delta,original_shape_SurfaceArea,96,-0.0964259233082903,0.35000414308622246,-0.1268950461899291,0.21794423468621715,0.9730031811318856,0.9598185392784896
Right_Thalamus,Right_Thalamus_original_firstorder_10Percentile_delta,original_firstorder_10Percentile,96,-0.05982141528881774,0.5626103135633017,-0.07124153123659191,0.49034826274201526,0.9730031811318856,0.9598185392784896
Right_Thalamus,Right_Thalamus_original_firstorder_90Percentile_delta,original_firstorder_90Percentile,96,0.1058841818027756,0.30453890215862794,0.1260640789933824,0.22099751873009665,0.9730031811318856,0.9598185392784896
Right_Thalamus,Right_Thalamus_original_firstorder_Energy_delta,original_firstorder_Energy,96,-0.039015239549106906,0.7058719671351311,-0.11593835798532316,0.2606411788409864,0.9730031811318856,0.9598185392784896
Right_Thalamus,Right_Thalamus_original_firstorder_InterquartileRange_delta,original_firstorder_InterquartileRange,96,0.03974439614735402,0.7006339804269235,0.10043857768939919,0.3302220113602551,0.9730031811318856,0.9598185392784896
Right_Thalamus,Right_Thalamus_original_firstorder_Kurtosis_delta,original_firstorder_Kurtosis,96,-0.06279766063836371,0.5433006969486893,-0.10055820580080892,0.3296434031256573,0.9730031811318856,0.9598185392784896
Right_Thalamus,Right_Thalamus_original_firstorder_MeanAbsoluteDeviation_delta,original_firstorder_MeanAbsoluteDeviation,96,0.08009806285783735,0.4378879543881311,0.11083977072708226,0.2823325989963207,0.9730031811318856,0.9598185392784896
Right_Thalamus,Right_Thalamus_original_firstorder_Median_delta,original_firstorder_Median,96,-0.04355339737875913,0.6735035977323875,-0.03851770982426338,0.7094539377458562,0.9730031811318856,0.9598185392784896
Right_Thalamus,Right_Thalamus_original_firstorder_RobustMeanAbsoluteDeviation_delta,original_firstorder_RobustMeanAbsoluteDeviation,96,0.1182844444425048,0.25105147069282313,0.18394296320903264,0.07281354001995581,0.9730031811318856,0.9598185392784896
Right_Thalamus,Right_Thalamus_original_firstorder_TotalEnergy_delta,original_firstorder_TotalEnergy,96,-0.039015239549106906,0.7058719671351311,-0.11593835798532316,0.2606411788409864,0.9730031811318856,0.9598185392784896
Right_Thalamus,Right_Thalamus_original_shape_Flatness_delta,original_shape_Flatness,96,-0.10962634668618054,0.2876674363564134,-0.10843464404802243,0.292971492985836,0.9730031811318856,0.9598185392784896
Right_Thalamus,Right_Thalamus_original_shape_LeastAxisLength_delta,original_shape_LeastAxisLength,96,-0.10487812663271272,0.30918272158133564,-0.12418752054244946,0.22800337966405437,0.9730031811318856,0.9598185392784896
Right_Thalamus,Right_Thalamus_original_shape_MajorAxisLength_delta,original_shape_MajorAxisLength,96,0.05218369247529016,0.6136008140267031,0.03960723232884508,0.7016182536598357,0.9730031811318856,0.9598185392784896
Right_Thalamus,Right_Thalamus_original_shape_MinorAxisLength_delta,original_shape_MinorAxisLength,96,0.04580351900526945,0.657668173088719,-0.06661216346214854,0.5190370707603345,0.9730031811318856,0.9598185392784896
Right_Thalamus,Right_Thalamus_original_shape_SurfaceArea_delta,original_shape_SurfaceArea,96,0.0758606251595716,0.4625818102677914,-0.06218869948224024,0.5472250236356506,0.9730031811318856,0.9598185392784896
Left_Hippocampus,Left_Hippocampus_original_firstorder_10Percentile_delta,original_firstorder_10Percentile,96,-0.03122118141376208,0.7626747127270694,-0.048230047350681746,0.6407592608739607,0.9730031811318856,0.9638296846025831
Left_Hippocampus,Left_Hippocampus_original_firstorder_RobustMeanAbsoluteDeviation_delta,original_firstorder_RobustMeanAbsoluteDeviation,96,0.021071207053611735,0.8385309137079533,0.03316543104808832,0.7483732769113647,0.9730031811318856,0.9638296846025831
Left_Hippocampus,Left_Hippocampus_original_shape_Flatness_delta,original_shape_Flatness,96,-0.03289650592785579,0.7503464806779756,-0.07049412231256091,0.4949225321391417,0.9730031811318856,0.9638296846025831
Left_Thalamus,Left_Thalamus_original_shape_Flatness_delta,original_shape_Flatness,96,-0.015513775598983995,0.880747906418249,0.013249294337277012,0.898053120210804,0.9730031811318856,0.9638296846025831
Left_Thalamus,Left_Thalamus_original_shape_MinorAxisLength_delta,original_shape_MinorAxisLength,96,0.023229334623241477,0.8222524059491432,-0.026983833530855574,0.7941151217692238,0.9730031811318856,0.9638296846025831
Left_Thalamus,Left_Thalamus_original_shape_Sphericity_delta,original_shape_Sphericity,96,-0.017248501169783357,0.8675284580255067,0.011498193334101865,0.9114682891480815,0.9730031811318856,0.9638296846025831
Right_Hippocampus,Right_Hippocampus_original_firstorder_10Percentile_delta,original_firstorder_10Percentile,96,0.019384569898149878,0.8513008942859557,0.025032603765600892,0.8087077492116688,0.9730031811318856,0.9638296846025831
Right_Hippocampus,Right_Hippocampus_original_shape_MajorAxisLength_delta,original_shape_MajorAxisLength,96,0.02277487397454016,0.8256743434633693,-0.028031681119100944,0.7863074217471728,0.9730031811318856,0.9638296846025831
Right_Hippocampus,Right_Hippocampus_original_shape_Maximum2DDiameterRow_delta,original_shape_Maximum2DDiameterRow,96,-0.031068866732725922,0.763798548434849,-0.06293866830203675,0.5423939714279951,0.9730031811318856,0.9638296846025831
Right_Hippocampus,Right_Hippocampus_original_shape_Maximum2DDiameterSlice_delta,original_shape_Maximum2DDiameterSlice,96,0.023033734582177938,0.8237248054047482,0.05147892599092281,0.6184053560394029,0.9730031811318856,0.9638296846025831
Right_Hippocampus,Right_Hippocampus_original_shape_Maximum3DDiameter_delta,original_shape_Maximum3DDiameter,96,-0.02889642980782786,0.7798798740025967,0.024824845547021152,0.8102654655847733,0.9730031811318856,0.9638296846025831
Right_Thalamus,Right_Thalamus_original_firstorder_Maximum_delta,original_firstorder_Maximum,96,-0.017254283944159277,0.867484449298526,-0.061550121719580506,0.5513549761117806,0.9730031811318856,0.9638296846025831
Right_Thalamus,Right_Thalamus_original_firstorder_Minimum_delta,original_firstorder_Minimum,96,0.01792526167589276,0.8623808762124979,0.012726447164407698,0.9020558207062319,0.9730031811318856,0.9638296846025831
Right_Thalamus,Right_Thalamus_original_firstorder_Range_delta,original_firstorder_Range,96,-0.020527589777861947,0.8426423852892984,-0.08442509120837362,0.4134604164057407,0.9730031811318856,0.9638296846025831
Right_Thalamus,Right_Thalamus_original_firstorder_Variance_delta,original_firstorder_Variance,96,0.028248472283758312,0.7846946804290159,0.027152614350438718,0.7928561113318856,0.9730031811318856,0.9638296846025831
Right_Thalamus,Right_Thalamus_original_shape_Maximum2DDiameterColumn_delta,original_shape_Maximum2DDiameterColumn,96,0.015480662944440182,0.8810005710820487,0.06139083240404378,0.552387511781405,0.9730031811318856,0.9638296846025831
Right_Thalamus,Right_Thalamus_original_shape_Maximum2DDiameterRow_delta,original_shape_Maximum2DDiameterRow,96,-0.027355418116488957,0.7913440115189816,-0.014322319988777478,0.8898465794992996,0.9730031811318856,0.9638296846025831
Right_Thalamus,Right_Thalamus_original_shape_Maximum2DDiameterSlice_delta,original_shape_Maximum2DDiameterSlice,96,-0.028401669294363927,0.7835555731813778,-0.027179337305120288,0.7926568216707932,0.9730031811318856,0.9638296846025831
Right_Thalamus,Right_Thalamus_original_shape_Maximum3DDiameter_delta,original_shape_Maximum3DDiameter,96,0.03356230675242561,0.7454642154162734,-0.0704310683521644,0.49530945663211323,0.9730031811318856,0.9638296846025831
Left_Hippocampus,Left_Hippocampus_original_firstorder_InterquartileRange_delta,original_firstorder_InterquartileRange,96,-0.0057897539981286855,0.9553536558749693,0.014089618711210833,0.8916253322466974,0.9730031811318856,0.988047999763304
Left_Hippocampus,Left_Hippocampus_original_shape_MajorAxisLength_delta,original_shape_MajorAxisLength,96,-0.005399996473929438,0.958356396832267,0.013558725839846113,0.8956854364093003,0.9730031811318856,0.988047999763304
Left_Thalamus,Left_Thalamus_original_firstorder_Skewness_delta,original_firstorder_Skewness,96,0.009296683453903547,0.9283688764050737,0.00942359576005902,0.9273936570163284,0.9730031811318856,0.988047999763304
Left_Thalamus,Left_Thalamus_original_shape_Maximum2DDiameterColumn_delta,original_shape_Maximum2DDiameterColumn,96,0.007108775969354261,0.9451966156628049,-0.039784101370582046,0.7003491520824778,0.9730031811318856,0.988047999763304
Right_Hippocampus,Right_Hippocampus_original_shape_MinorAxisLength_delta,original_shape_MinorAxisLength,96,0.004166613605262777,0.9678621660110893,0.025591391769294612,0.8045218198550284,0.9730031811318856,0.988047999763304
Right_Thalamus,Right_Thalamus_original_firstorder_Mean_delta,original_firstorder_Mean,96,-0.005197640571576793,0.9599156041094273,-0.011554453607296249,0.9110368729102674,0.9730031811318856,0.988047999763304
Right_Thalamus,Right_Thalamus_original_firstorder_RootMeanSquared_delta,original_firstorder_RootMeanSquared,96,-0.003550839024333039,0.9726097497670024,-0.014465922745105528,0.8887491613900504,0.9730031811318856,0.988047999763304
Right_Thalamus,Right_Thalamus_original_firstorder_Uniformity_delta,original_firstorder_Uniformity,96,0.00957025259498398,0.9262668504825443,-0.009515018703999891,0.9266912113503868,0.9730031811318856,0.988047999763304
Right_Thalamus,Right_Thalamus_original_shape_Elongation_delta,original_shape_Elongation,96,0.0021504467294648603,0.9834099816547177,-0.08040999546307079,0.4361001336885383,0.9730031811318856,0.9911533673370383
Left_Hippocampus,Left_Hippocampus_original_shape_Maximum3DDiameter_delta,original_shape_Maximum3DDiameter,96,0.0008332859526883896,0.9935710742741758,0.04040894122186502,0.6958722997672602,0.9730031811318856,0.9935710742741758
Left_Hippocampus,Left_Hippocampus_original_shape_MeshVolume_delta,original_shape_MeshVolume,96,0.038686574817973524,0.7082374792164087,-0.0076373320861373864,0.9411288721192362,0.9793861433435954,0.9598185392784896
Right_Hippocampus,Right_Hippocampus_original_firstorder_Entropy_delta,original_firstorder_Entropy,96,0.06463007354600718,0.5315758894908155,0.001258823612724302,0.9902881201709102,0.9938146911147565,0.9598185392784896
Left_Thalamus,Left_Thalamus_original_firstorder_Kurtosis_delta,original_firstorder_Kurtosis,96,-0.018797067886831005,0.855758230997959,0.004514886923849173,0.9651774858629422,0.9938146911147565,0.9638296846025831
Right_Hippocampus,Right_Hippocampus_original_shape_Elongation_delta,original_shape_Elongation,96,-0.02279415759052996,0.8255290775477395,-0.002735655784076835,0.9788962035818181,0.9938146911147565,0.9638296846025831
Right_Thalamus,Right_Thalamus_original_firstorder_Entropy_delta,original_firstorder_Entropy,96,-0.02011365666087634,0.8457758721950074,0.0014979297738004266,0.9884435223666088,0.9938146911147565,0.9638296846025831
Right_Thalamus,Right_Thalamus_original_firstorder_Skewness_delta,original_firstorder_Skewness,96,0.008534170951791736,0.9342303525789629,-0.0008017088930199467,0.9938146911147565,0.9938146911147565,0.988047999763304
