roi,feature_base,feature_name,n,mean_pre,mean_post,mean_delta,median_delta,sd_delta,t_stat,p_ttest,w_stat,p_wilcoxon,cohens_d_paired,rank_biserial,q_ttest_fdr,q_wilcoxon_fdr,abs_mean_delta
Right_Hippocampus,Right_Hippocampus_original_shape_VoxelVolume,original_shape_VoxelVolume,96,4429.802083333333,4457.5,27.697916666666668,28.0,107.40235416332624,2.5267886649222056,0.013163470316112511,1634.5,0.011265913849716841,0.25788928820448925,0.2978951890034365,0.3019985740098378,0.23938300513070013,27.697916666666668
Right_Hippocampus,Right_Hippocampus_original_shape_MeshVolume,original_shape_MeshVolume,96,4381.043402777778,4408.618923611112,27.575520833333282,30.6875,106.78832414502294,2.5300876654426574,0.013048249488706826,1649.0,0.013091258093085163,0.25822599103516775,0.29166666666666663,0.3019985740098378,0.23938300513070013,27.575520833333282
Left_Hippocampus,Left_Hippocampus_original_shape_MeshVolume,original_shape_MeshVolume,96,4327.143663194445,4352.669704861112,25.52604166666664,26.749999999999545,104.20700574187485,2.400060410189117,0.018341909266573177,1645.0,0.012563856359352352,0.2449551398674262,0.29338487972508587,0.3019985740098378,0.23938300513070013,25.52604166666664
Right_Hippocampus,Right_Hippocampus_original_shape_SurfaceArea,original_shape_SurfaceArea,96,2459.2863231274337,2473.215159302516,13.928836175082061,10.253000154010806,45.4472046813433,3.0029165999533443,0.003417577233353405,1601.0,0.007891338347726741,0.3064838920841272,0.3122852233676976,0.3019985740098378,0.23938300513070013,13.928836175082061
Left_Hippocampus,Left_Hippocampus_original_firstorder_Minimum,original_firstorder_Minimum,96,30.90625,29.145833333333332,-1.7604166666666667,-2.0,6.735209591810341,-2.560943358477138,0.012013676136792151,1390.0,0.012094982854807618,-0.26137518701826895,0.3058676654182272,0.3019985740098378,0.23938300513070013,1.7604166666666667
Left_Hippocampus,Left_Hippocampus_original_shape_SurfaceVolumeRatio,original_shape_SurfaceVolumeRatio,96,0.5655325963018388,0.5628271922168467,-0.0027054040849920206,-0.00251170072767698,0.010051576589714907,-2.6371423416511504,0.009768018064432607,1599.0,0.00772192657235769,-0.2691522131722377,0.3131443298969072,0.3019985740098378,0.23938300513070013,0.0027054040849920206
Left_Hippocampus,Left_Hippocampus_original_shape_VoxelVolume,original_shape_VoxelVolume,96,4362.71875,4387.416666666667,24.697916666666668,27.0,103.80793193420308,2.3311241218622443,0.021861268460876014,1645.5,0.012625088867477522,0.2379193594023338,0.29317010309278346,0.31091581811023666,0.23938300513070013,24.697916666666668
Right_Hippocampus,Right_Hippocampus_original_shape_MinorAxisLength,original_shape_MinorAxisLength,96,23.149105744622307,23.244422741121763,0.09531699649945675,0.0811460535321249,0.37471106452077785,2.492352399968942,0.014421872687602179,1674.0,0.016852076614219218,0.25437465163020667,0.2809278350515464,0.3019985740098378,0.24669104936293218,0.09531699649945675
Left_Hippocampus,Left_Hippocampus_original_shape_Maximum3DDiameter,original_shape_Maximum3DDiameter,96,47.48632647317309,47.65226900912438,0.16594253595128947,0.15057865556525485,0.7417490907961106,2.191978634003301,0.030824491935085373,1639.0,0.01734546440833117,0.22371788251629035,0.281140350877193,0.3945534967690928,0.24669104936293218,0.16594253595128947
Left_Hippocampus,Left_Hippocampus_original_firstorder_Mean,original_firstorder_Mean,96,86.38672734295596,85.98109019825326,-0.40563714470271695,-0.5760576179630945,2.178820928020952,-1.8241132393448465,0.0712786892749595,1718.0,0.025805283329354882,-0.18617277789375825,0.26202749140893467,0.5824268126524335,0.3303076266157425,0.40563714470271695
Left_Thalamus,Left_Thalamus_original_shape_SurfaceVolumeRatio,original_shape_SurfaceVolumeRatio,96,0.32341839311362314,0.3243723585213029,0.0009539654076797499,0.0006432699010084919,0.003912637791509661,2.388903451428262,0.018874910875614864,1731.0,0.02913732706081875,0.24381643753220247,0.25644329896907214,0.3019985740098378,0.3390525330713455,0.0009539654076797499
Left_Thalamus,Left_Thalamus_original_shape_MeshVolume,original_shape_MeshVolume,96,7930.933159722222,7888.936631944444,-41.9965277777778,-20.52083333333394,195.36269039716953,-2.106237661142815,0.03781998075464021,1800.0,0.05367158360053118,-0.2149669811180398,0.22680412371134018,0.41984540593617337,0.49891243426366055,41.9965277777778
Left_Thalamus,Left_Thalamus_original_shape_VoxelVolume,original_shape_VoxelVolume,96,7968.739583333333,7926.75,-41.989583333333336,-17.0,196.9209563460568,-2.0892251507857162,0.03936050680651625,1806.5,0.05667994812652158,-0.21323064905059377,0.22401202749140892,0.41984540593617337,0.49891243426366055,41.989583333333336
Left_Hippocampus,Left_Hippocampus_original_shape_Sphericity,original_shape_Sphericity,96,0.5261387023960875,0.5275731089701058,0.0014344065740182928,0.0012753856776504535,0.006887385778164645,2.0405792869496353,0.04406747841331193,1818.0,0.06236405428295757,0.20826575136328931,0.2190721649484536,0.4338951720695328,0.49891243426366055,0.0014344065740182928
Left_Hippocampus,Left_Hippocampus_original_firstorder_10Percentile,original_firstorder_10Percentile,96,71.65625,71.04791666666667,-0.6083333333333331,-1.0,3.285427687184623,-1.8142006485250193,0.07280335158155418,1336.0,0.06169425062330174,-0.1851610783296927,0.23350545037292025,0.5824268126524335,0.49891243426366055,0.6083333333333331
Left_Hippocampus,Left_Hippocampus_original_firstorder_RootMeanSquared,original_firstorder_RootMeanSquared,96,87.82173991644537,87.4381965301285,-0.38354338631687374,-0.4190368524287038,2.3231886293731523,-1.6175795263753543,0.1090689863926607,1789.0,0.04887579888253628,-0.16509351908302092,0.23152920962199308,0.664801440869551,0.49891243426366055,0.38354338631687374
Left_Hippocampus,Left_Hippocampus_original_firstorder_Median,original_firstorder_Median,96,84.14583333333333,83.80208333333333,-0.34375,0.0,1.7700914338560385,-1.9027539097174078,0.060101016252550335,998.5,0.06954021973181582,-0.19419900770389084,0.24010654490106542,0.549495005737603,0.5235969485689661,0.34375
Left_Hippocampus,Left_Hippocampus_original_shape_Maximum2DDiameterColumn,original_shape_Maximum2DDiameterColumn,96,32.4821244316083,32.02679243382789,-0.45533199778040095,-0.29080203836847396,2.660906818864833,-1.6766179863447834,0.09690507543598155,1809.5,0.08073576449752047,-0.17111910667155555,0.20635964912280702,0.664801440869551,0.5741209919823678,0.45533199778040095
Right_Thalamus,Right_Thalamus_original_firstorder_Skewness,original_firstorder_Skewness,96,0.9399194030545178,0.8093631990621035,-0.1305562039924142,-0.07849211739024298,0.784231404536265,-1.631131223189053,0.10617357627038804,1915.0,0.13123992297892906,-0.16647663334729015,0.17740549828178698,0.664801440869551,0.6571827550491489,0.1305562039924142
Left_Thalamus,Left_Thalamus_original_shape_Sphericity,original_shape_Sphericity,96,0.751292677134363,0.7503363176884278,-0.0009563594459352913,-0.0013416203914384806,0.005691386594879025,-1.6464126020468257,0.10298321992341038,1913.0,0.1293831199815096,-0.16803628254594424,0.1782646048109966,0.664801440869551,0.6571827550491489,0.0009563594459352913
Left_Thalamus,Left_Thalamus_original_firstorder_Energy,original_firstorder_Energy,96,72661120.01041667,72170307.875,-490812.1354166667,-419390.0,3318042.1115135783,-1.4493357840937255,0.15053695263382674,1922.0,0.13790174715780387,-0.1479222140410915,0.1743986254295533,0.7242519289428777,0.6571827550491489,490812.1354166667
Left_Thalamus,Left_Thalamus_original_firstorder_TotalEnergy,original_firstorder_TotalEnergy,96,72661120.01041667,72170307.875,-490812.1354166667,-419390.0,3318042.1115135783,-1.4493357840937255,0.15053695263382674,1922.0,0.13790174715780387,-0.1479222140410915,0.1743986254295533,0.7242519289428777,0.6571827550491489,490812.1354166667
Right_Hippocampus,Right_Hippocampus_original_firstorder_Maximum,original_firstorder_Maximum,96,194.54166666666666,190.41666666666666,-4.125,-3.0,26.28237352095006,-1.537782754807354,0.127425903560743,1852.0,0.11208724544055305,-0.15694929518872802,0.18771929824561406,0.7242519289428777,0.6571827550491489,4.125
Right_Hippocampus,Right_Hippocampus_original_firstorder_Kurtosis,original_firstorder_Kurtosis,96,9.724466728281994,9.349231497565215,-0.3752352307167773,-0.4777860677361172,2.606612534976626,-1.4104663987275232,0.16166802679341208,1928.0,0.14381676885007816,-0.14395512400930816,0.17182130584192434,0.7242519289428777,0.6571827550491489,0.3752352307167773
Left_Hippocampus,Left_Hippocampus_original_shape_Maximum2DDiameterSlice,original_shape_Maximum2DDiameterSlice,96,23.762785187578505,23.60057646333733,-0.16220872424117883,-0.3111387497562017,1.0633423681512535,-1.4946403646438553,0.1383226800307622,1710.5,0.1300499507377734,-0.1525460934310347,0.1827520305781175,0.7242519289428777,0.6571827550491489,0.16220872424117883
Left_Thalamus,Left_Thalamus_original_shape_MinorAxisLength,original_shape_MinorAxisLength,96,21.26173132887199,21.224578039655782,-0.0371532892162049,-0.03347330322112896,0.2666409013663009,-1.3652309211290794,0.1754047640408532,1933.0,0.1488929679408228,-0.13933829740983794,0.1696735395189003,0.7242519289428777,0.6571827550491489,0.0371532892162049
Left_Thalamus,Left_Thalamus_original_shape_Maximum2DDiameterRow,original_shape_Maximum2DDiameterRow,96,36.09510530412329,35.93663437386229,-0.15847093026099565,-0.1791655749707779,1.4787827706854608,-1.0499795531799097,0.2963912293060031,1575.5,0.11148979886752337,-0.1071630894019272,0.19535240040858015,0.7511187893877082,0.6571827550491489,0.15847093026099565
Left_Hippocampus,Left_Hippocampus_original_shape_Maximum2DDiameterRow,original_shape_Maximum2DDiameterRow,96,45.81023079977428,45.915432129097546,0.10520132932325883,0.24310382998535118,1.0144396486401681,1.0160863781296574,0.31216905969006353,1849.0,0.14813382539938538,0.10370388170876274,0.1717805151175812,0.7511187893877082,0.6571827550491489,0.10520132932325883
Left_Hippocampus,Left_Hippocampus_original_shape_Flatness,original_shape_Flatness,96,0.19604437599148072,0.19549946108903482,-0.0005449149024458925,-0.0009083342027940006,0.005709360611708734,-0.9351404158942646,0.35208693252548817,1922.0,0.13790174715780387,-0.09544236903312486,0.1743986254295533,0.7511187893877082,0.6571827550491489,0.0005449149024458925
Left_Thalamus,Left_Thalamus_original_shape_LeastAxisLength,original_shape_LeastAxisLength,96,15.834169812380424,15.798565779767342,-0.03560403261308276,-0.031062373797632326,0.2286893391999858,-1.525418071389825,0.1304772429754491,1940.0,0.1562279648813156,-0.15568732997189477,0.16666666666666663,0.7242519289428777,0.6665726501602799,0.03560403261308276
Left_Hippocampus,Left_Hippocampus_original_firstorder_Uniformity,original_firstorder_Uniformity,96,0.5580519958050859,0.5463446872988367,-0.01170730850624927,-0.010538296016490478,0.0685975771023109,-1.6721833809894004,0.0977787501075602,1956.0,0.17401872414758512,-0.17066650165775135,0.15979381443298968,0.664801440869551,0.6809530898509771,0.01170730850624927
Right_Thalamus,Right_Thalamus_original_firstorder_Entropy,original_firstorder_Entropy,96,1.0854131543804717,1.099114150014454,0.013700995633982175,0.014505564215731459,0.09809615341162871,1.3684715293791756,0.17439215867818597,1962.0,0.18106673815294339,0.13966904060437912,0.15721649484536082,0.7242519289428777,0.6809530898509771,0.013700995633982175
Left_Thalamus,Left_Thalamus_original_shape_SurfaceArea,original_shape_SurfaceArea,96,2558.2153909347307,2552.485781938011,-5.729608996719439,-2.655740997145358,43.64813641402836,-1.2861596962120754,0.20151317645351513,1961.0,0.17987757743418842,-0.13126812431052529,0.15764604810996563,0.7511187893877082,0.6809530898509771,5.729608996719439
Right_Hippocampus,Right_Hippocampus_original_firstorder_Range,original_firstorder_Range,96,161.90625,158.65625,-3.25,-3.0,28.850978274027746,-1.1037187839431906,0.2725030430660749,1982.0,0.20603917210913214,-0.11264782667441534,0.14862542955326463,0.7511187893877082,0.6809530898509771,3.25
Right_Thalamus,Right_Thalamus_original_firstorder_Range,original_firstorder_Range,96,176.95833333333334,173.76041666666666,-3.1979166666666665,-4.5,31.76678828146305,-0.9863463695316451,0.32646866180567036,1958.0,0.23193966583116987,-0.10066855479163295,0.1412280701754386,0.7511187893877082,0.6809530898509771,3.1979166666666665
Right_Thalamus,Right_Thalamus_original_firstorder_Maximum,original_firstorder_Maximum,96,208.83333333333334,205.94791666666666,-2.8854166666666665,-2.5,29.111354193552316,-0.9711397802608617,0.3339448193168435,2008.0,0.24216940881927296,-0.0991165387732371,0.13745704467353947,0.7511187893877082,0.6809530898509771,2.8854166666666665
Right_Hippocampus,Right_Hippocampus_original_firstorder_Minimum,original_firstorder_Minimum,96,32.635416666666664,31.760416666666668,-0.875,-1.0,7.836822664427479,-1.0939655606418448,0.27673615884752334,1824.5,0.28736812113979615,-0.11165239248959366,0.12828475871954137,0.7511187893877082,0.6809530898509771,0.875
Right_Thalamus,Right_Thalamus_original_firstorder_Kurtosis,original_firstorder_Kurtosis,96,15.87233777219471,15.335377002276658,-0.5369607699180509,-0.7370003489958883,5.260134975468205,-1.0001871847968318,0.31976075024239253,1974.0,0.19579462787618207,-0.1020811770842926,0.1520618556701031,0.7511187893877082,0.6809530898509771,0.5369607699180509
Right_Hippocampus,Right_Hippocampus_original_firstorder_Median,original_firstorder_Median,96,84.70833333333333,84.52083333333333,-0.1875,0.0,1.5931597204099914,-1.1531281412353376,0.2517509103121042,1168.0,0.22564678327295984,-0.11769064808627464,0.15819819819819825,0.7511187893877082,0.6809530898509771,0.1875
Right_Hippocampus,Right_Hippocampus_original_firstorder_Mean,original_firstorder_Mean,96,86.47533529004058,86.30355779724478,-0.17177749279580215,-0.3294025333639823,1.789647116224088,-0.9404473157414188,0.3493733448070484,2016.0,0.2542259081411111,-0.09598400223069077,0.134020618556701,0.7511187893877082,0.6809530898509771,0.17177749279580215
Right_Thalamus,Right_Thalamus_original_firstorder_InterquartileRange,original_firstorder_InterquartileRange,96,10.708333333333334,10.854166666666666,0.14583333333333334,0.0,1.213773295980385,1.1772124344434511,0.24205169374457383,842.0,0.23322107263066683,0.12014874096858533,0.16468253968253965,0.7511187893877082,0.6809530898509771,0.14583333333333334
Left_Hippocampus,Left_Hippocampus_original_shape_MajorAxisLength,original_shape_MajorAxisLength,96,46.97944131918384,47.061933815790155,0.08249249660631208,0.07778784996774135,0.6942053292496767,1.1642925559913897,0.24722106314294123,1984.0,0.20872361165895248,0.11883011139582159,0.147766323024055,0.7511187893877082,0.6809530898509771,0.08249249660631208
Right_Hippocampus,Right_Hippocampus_original_shape_Maximum3DDiameter,original_shape_Maximum3DDiameter,96,46.71623899535975,46.79685593594191,0.08061694058215603,-0.027536347007501405,0.643753547800565,1.2269935892406358,0.22285711777218153,2026.0,0.26976588191292095,0.12522950880440223,0.1297250859106529,0.7511187893877082,0.6809530898509771,0.08061694058215603
Right_Thalamus,Right_Thalamus_original_firstorder_RobustMeanAbsoluteDeviation,original_firstorder_RobustMeanAbsoluteDeviation,96,4.591513663865804,4.635514887166996,0.04400122330119156,0.049939718170747716,0.421063973055777,1.023887599444691,0.30848854466521664,1958.0,0.17634492665091273,0.10450009052511092,0.15893470790378006,0.7511187893877082,0.6809530898509771,0.04400122330119156
Right_Hippocampus,Right_Hippocampus_original_shape_LeastAxisLength,original_shape_LeastAxisLength,96,9.155054017775624,9.17544009938701,0.020386081611385654,0.02927565852972247,0.16193406089005294,1.2334773185620096,0.22044091777126118,2031.0,0.27777538576379457,0.12589125165722254,0.12757731958762886,0.7511187893877082,0.6809530898509771,0.020386081611385654
Right_Thalamus,Right_Thalamus_original_firstorder_Uniformity,original_firstorder_Uniformity,96,0.5784486615340841,0.5704491243448703,-0.007999537189213902,-0.007282843825422991,0.05909708567787058,-1.3262775358365577,0.18792753766976136,1992.0,0.21950387061187182,-0.13536263417147487,0.14432989690721654,0.7511187893877082,0.6809530898509771,0.007999537189213902
Right_Thalamus,Right_Thalamus_original_shape_Elongation,original_shape_Elongation,96,0.6041300956343978,0.602910062528048,-0.0012200331063498282,-0.0012849859641254624,0.010956379858574889,-1.0910386892148207,0.2780153217356245,1989.0,0.21541536412642315,-0.11135366992547113,0.14561855670103097,0.7511187893877082,0.6809530898509771,0.0012200331063498282
Right_Hippocampus,Right_Hippocampus_original_shape_Elongation,original_shape_Elongation,96,0.4896685077707237,0.4907268714641051,0.0010583636933813746,0.0008893624016669821,0.010786268678585113,0.9613893695115563,0.33879706585651814,1999.0,0.2292596113731301,0.098121391643306,0.14132302405498287,0.7511187893877082,0.6809530898509771,0.0010583636933813746
Left_Thalamus,Left_Thalamus_original_shape_Flatness,original_shape_Flatness,96,0.4493927747912168,0.44838892298277117,-0.001003851808445598,-0.0011531439646470243,0.008053837530594377,-1.221243760491089,0.22501588443300988,2010.0,0.24520669191797073,-0.12464266936503664,0.13659793814432986,0.7511187893877082,0.6809530898509771,0.001003851808445598
Left_Thalamus,Left_Thalamus_original_shape_Elongation,original_shape_Elongation,96,0.6032372145084994,0.6022379242352655,-0.0009992902732338914,-0.001305097669849986,0.008467766591601249,-1.156267711383173,0.25047115898028977,2027.0,0.2713549735029761,-0.11801107912268591,0.1292955326460481,0.7511187893877082,0.6809530898509771,0.0009992902732338914
Right_Hippocampus,Right_Hippocampus_original_firstorder_RootMeanSquared,original_firstorder_RootMeanSquared,96,87.71474698995776,87.55237872203286,-0.16236826792489087,-0.3406420924268332,1.828981258261808,-0.8698162543523666,0.38659327435221014,2040.0,0.2925970307953417,-0.08877524971425858,0.12371134020618557,0.7647169168558787,0.6809530898509771,0.16236826792489087
Right_Thalamus,Right_Thalamus_original_shape_Maximum2DDiameterColumn,original_shape_Maximum2DDiameterColumn,96,37.176842934277836,37.253068906354905,0.07622597207706001,0.027337298255559972,0.8824683237928017,0.8463294679357802,0.3994958112007677,1687.0,0.2594887095820667,0.08637813961349328,0.13840653728294183,0.7647169168558787,0.6809530898509771,0.07622597207706001
Left_Thalamus,Left_Thalamus_original_shape_Maximum2DDiameterSlice,original_shape_Maximum2DDiameterSlice,96,25.828597320529592,25.76041282328475,-0.06818449724484021,0.0,0.7924975887011629,-0.8429917213592595,0.4013505409432915,1483.0,0.23782123957315704,-0.08603748228002672,0.14916810097532984,0.7647169168558787,0.6809530898509771,0.06818449724484021
Right_Thalamus,Right_Thalamus_original_firstorder_MeanAbsoluteDeviation,original_firstorder_MeanAbsoluteDeviation,96,7.334703760681638,7.382893746910327,0.048189986228688336,0.06191977792604009,0.5259030080765869,0.897814807363448,0.3715540615835723,2039.0,0.2909244379723488,0.09163284006481755,0.12414089347079038,0.7647169168558787,0.6809530898509771,0.048189986228688336
Left_Hippocampus,Left_Hippocampus_original_firstorder_Skewness,original_firstorder_Skewness,96,1.5994848221375204,1.5638295803091797,-0.035655241828340345,-0.002789993995780393,0.5640097900097621,-0.61940165353131,0.5371344662326045,2037.0,0.2875985774573103,-0.06321741654116182,0.125,0.8184906152115878,0.6809530898509771,0.035655241828340345
Right_Hippocampus,Right_Hippocampus_original_firstorder_10Percentile,original_firstorder_10Percentile,96,72.39583333333333,72.01354166666667,-0.38229166666666653,0.0,3.1238638285460274,-1.199052926308037,0.2334896456738214,1452.0,0.32253638202158885,-0.1223778268352371,0.12556458897922318,0.7511187893877082,0.6832319158617906,0.38229166666666653
Left_Thalamus,Left_Thalamus_original_firstorder_10Percentile,original_firstorder_10Percentile,96,82.940625,82.78125,-0.1593750000000007,0.0,1.639806029928379,-0.9522770879751467,0.3433730935278614,1042.5,0.31302224648507393,-0.09719137330343983,0.1366459627329193,0.7511187893877082,0.6832319158617906,0.1593750000000007
Right_Hippocampus,Right_Hippocampus_original_firstorder_Uniformity,original_firstorder_Uniformity,96,0.579807440862792,0.5703929036690002,-0.009414537193791794,-0.010004058771299507,0.07413997734608116,-1.2441769266584572,0.21649547993574633,2059.0,0.32560270990288454,-0.12698327583572455,0.11554982817869419,0.7511187893877082,0.6832319158617906,0.009414537193791794
Right_Thalamus,Right_Thalamus_original_firstorder_90Percentile,original_firstorder_90Percentile,96,103.55104166666668,103.6875,0.1364583333333275,0.0,1.6965053735417783,0.788098388676379,0.4326012583983452,1137.5,0.30660351132540675,0.0804349549736142,0.1343226788432268,0.7647169168558787,0.6832319158617906,0.1364583333333275
Left_Thalamus,Left_Thalamus_original_firstorder_Skewness,original_firstorder_Skewness,96,0.5971212636845511,0.5315988621409043,-0.06552240154364669,-0.0751415539185915,0.7582469504967077,-0.8466711294970393,0.39930625157419486,2058.0,0.32380742376057736,-0.08641301030056855,0.115979381443299,0.7647169168558787,0.6832319158617906,0.06552240154364669
Left_Hippocampus,Left_Hippocampus_original_shape_LeastAxisLength,original_shape_LeastAxisLength,96,9.189195318493892,9.174751960613989,-0.014443357879904204,-0.02218964997586248,0.18091437345665976,-0.782223243011642,0.43602875575398103,2046.0,0.30276801021110056,-0.07983532543015044,0.12113402061855671,0.7647169168558787,0.6832319158617906,0.014443357879904204
Left_Hippocampus,Left_Hippocampus_original_firstorder_Entropy,original_firstorder_Entropy,96,1.275718577729102,1.3001915912144069,0.024473013485304996,0.01297706591987946,0.17223189091602342,1.3922252188818518,0.1671047019434604,2067.0,0.3401974850993411,0.14209339138729837,0.11211340206185572,0.7242519289428777,0.702343195043801,0.024473013485304996
Right_Hippocampus,Right_Hippocampus_original_shape_Sphericity,original_shape_Sphericity,96,0.5264909301632188,0.5258556883272557,-0.000635241835963125,-0.0004995784922170454,0.0064949782321834385,-0.9582901163044157,0.34034897496623884,2075.0,0.3552049050402125,-0.09780507543742355,0.10867697594501713,0.7511187893877082,0.7216861562721778,0.000635241835963125
Right_Hippocampus,Right_Hippocampus_original_shape_MajorAxisLength,original_shape_MajorAxisLength,96,47.37303544086861,47.481407482085025,0.1083720412164062,0.04276441658674557,0.7430176783093229,1.42907072665128,0.15626391360714378,2084.0,0.37257957589752755,0.14585392027683391,0.10481099656357384,0.7242519289428777,0.7336951648443619,0.1083720412164062
Left_Hippocampus,Left_Hippocampus_original_shape_SurfaceArea,original_shape_SurfaceArea,96,2440.7043966875913,2443.8969073153294,3.192510627737775,1.7601072008205847,41.0616526606605,0.761783467508799,0.44807631847024143,2083.0,0.37062345438196576,0.07774919957852523,0.10524054982817865,0.7647169168558787,0.7336951648443619,3.192510627737775
Left_Thalamus,Left_Thalamus_original_firstorder_RobustMeanAbsoluteDeviation,original_firstorder_RobustMeanAbsoluteDeviation,96,4.80457278173452,4.82661089615085,0.022038114416330534,0.04748825673288959,0.32859704014196095,0.6571225984234341,0.512690958862074,2094.0,0.3924909572493501,0.06706729435788465,0.10051546391752575,0.8097598685406007,0.7611945837563154,0.022038114416330534
Right_Hippocampus,Right_Hippocampus_original_firstorder_Skewness,original_firstorder_Skewness,96,1.4794284446348873,1.4374591715473217,-0.04196927308756556,-0.10439318239093343,0.5277628547503129,-0.7791628608549546,0.4378204322640509,2102.0,0.4088754328970319,-0.079522976484242,0.09707903780068727,0.7647169168558787,0.7811351553853744,0.04196927308756556
Right_Thalamus,Right_Thalamus_original_shape_Maximum2DDiameterRow,original_shape_Maximum2DDiameterRow,96,33.77539135748938,33.92320388833695,0.14781253084755927,0.0,1.3727090415553886,1.0550386635631677,0.2940834446748114,1775.0,0.44639634428521535,0.10767943269323549,0.09346271705822262,0.7511187893877082,0.8003260873698994,0.14781253084755927
Right_Hippocampus,Right_Hippocampus_original_shape_Maximum2DDiameterRow,original_shape_Maximum2DDiameterRow,96,45.00182809184855,45.0816916834539,0.07986359160534524,0.005206638770332006,0.7552679512980202,1.0360563989133256,0.30280588733958386,1728.5,0.4323895802359251,0.1057420634201278,0.09691745036572619,0.7511187893877082,0.8003260873698994,0.07986359160534524
Left_Thalamus,Left_Thalamus_original_firstorder_Minimum,original_firstorder_Minimum,96,30.260416666666668,30.916666666666668,0.65625,1.0,7.4591210502381085,0.8620198722476274,0.39084731880489654,1863.0,0.4573525245001888,0.08797953479774287,0.09010989010989012,0.7647169168558787,0.8003260873698994,0.65625
Right_Thalamus,Right_Thalamus_original_firstorder_Median,original_firstorder_Median,96,94.546875,94.67708333333333,0.13020833333333334,0.0,1.6371425550678338,0.7792698954348,0.4377576971988131,1254.5,0.4626885192607231,0.0795339006553026,0.09585585585585588,0.7647169168558787,0.8003260873698994,0.13020833333333334
Left_Hippocampus,Left_Hippocampus_original_firstorder_Range,original_firstorder_Range,96,167.5625,169.60416666666666,2.0416666666666665,1.0,27.574937769330617,0.7254473754417068,0.4699609013465551,2125.5,0.4592150298819372,0.07404066271139324,0.08698453608247425,0.7812337061345331,0.8003260873698994,2.0416666666666665
Right_Hippocampus,Right_Hippocampus_original_shape_SurfaceVolumeRatio,original_shape_SurfaceVolumeRatio,96,0.5626572810140461,0.562020724175161,-0.0006365568388850829,-0.000589840518214535,0.009009644073013225,-0.692253516303898,0.49046673981241173,2111.0,0.42778630237232285,-0.07065282864966607,0.09321305841924399,0.7946802872909963,0.8003260873698994,0.0006365568388850829
Right_Thalamus,Right_Thalamus_original_shape_MinorAxisLength,original_shape_MinorAxisLength,96,20.865451953898702,20.845270082507877,-0.02018187139082502,-0.011799415022869297,0.3023784007848932,-0.6539526213998674,0.514722235161736,2120.0,0.4471968157915098,-0.06674375993271442,0.0893470790378007,0.8097598685406007,0.8003260873698994,0.02018187139082502
Right_Hippocampus,Right_Hippocampus_original_firstorder_Entropy,original_firstorder_Entropy,96,1.2078897993060507,1.2265298103226787,0.0186400110166283,0.016959799007147502,0.17590229437011587,1.0382699317048458,0.30177984836482624,2136.0,0.4829113875169443,0.10596798116463375,0.08247422680412375,0.7511187893877082,0.8241687680289183,0.0186400110166283
Left_Hippocampus,Left_Hippocampus_original_firstorder_RobustMeanAbsoluteDeviation,original_firstorder_RobustMeanAbsoluteDeviation,96,6.256086577470456,6.32435422345502,0.06826764598456465,0.01426514084409991,0.8984988993302089,0.7444456469687392,0.4584444650739641,2141.0,0.49438183931536417,0.07597966567956306,0.0803264604810997,0.7721169938087816,0.8326430977942976,0.06826764598456465
Right_Hippocampus,Right_Hippocampus_original_firstorder_RobustMeanAbsoluteDeviation,original_firstorder_RobustMeanAbsoluteDeviation,96,6.094274636106498,6.149736285573559,0.055461649467060996,0.06265598968268593,0.8481016855940249,0.640737985998688,0.5232355381554354,2146.0,0.5059964047443846,0.06539504685480575,0.07817869415807566,0.8097598685406007,0.8411368806140419,0.055461649467060996
Left_Hippocampus,Left_Hippocampus_original_firstorder_InterquartileRange,original_firstorder_InterquartileRange,96,14.200520833333334,14.380208333333334,0.1796875,0.0,2.28401283668851,0.7708234929090781,0.44272442817054714,1417.5,0.5357228158530932,0.0786718433073787,0.07984420642648493,0.7647169168558787,0.8698349219249106,0.1796875
Right_Hippocampus,Right_Hippocampus_original_shape_Maximum2DDiameterColumn,original_shape_Maximum2DDiameterColumn,96,33.52048398946737,33.58682719759884,0.06634320813147414,0.2262978764402277,2.5379707743501605,0.2561211649302539,0.7984110672977788,2027.0,0.5436468262030691,0.026140256933597318,0.072523450011439,0.9318835584598261,0.8698349219249106,0.06634320813147414
Left_Thalamus,Left_Thalamus_original_firstorder_RootMeanSquared,original_firstorder_RootMeanSquared,96,95.47939338190035,95.44082923870455,-0.03856414319580622,-0.07626440718397731,1.4736372853019108,-0.2564063060551459,0.7981915586517239,2159.0,0.5368532028379842,-0.02616935902779184,0.07259450171821302,0.9318835584598261,0.8698349219249106,0.03856414319580622
Left_Hippocampus,Left_Hippocampus_original_shape_MinorAxisLength,original_shape_MinorAxisLength,96,22.16949919812947,22.200196472037998,0.03069727390852776,-0.019000660351229826,0.3715018124402762,0.8096074371904459,0.42018904979465876,2173.0,0.5711095419727302,0.08263021304495723,0.06658075601374569,0.7647169168558787,0.8914880655184082,0.03069727390852776
Left_Thalamus,Left_Thalamus_original_firstorder_Kurtosis,original_firstorder_Kurtosis,96,13.712327551824544,13.634611883489898,-0.07771566833464254,-0.33102632222364115,4.538890934306888,-0.16776233242389274,0.8671268745211366,2172.0,0.5686285352678575,-0.01712217135407113,0.0670103092783505,0.9651499125104824,0.8914880655184082,0.07771566833464254
Left_Thalamus,Left_Thalamus_original_firstorder_Mean,original_firstorder_Mean,96,94.77898351444217,94.74347792761041,-0.035505586831741244,-0.06929390795645674,1.453806626743621,-0.2392906158383743,0.8113957388518038,2177.0,0.5810847483982127,-0.024422496210015323,0.06486254295532645,0.9318835584598261,0.8961306963249545,0.035505586831741244
Left_Hippocampus,Left_Hippocampus_original_firstorder_Energy,original_firstorder_Energy,96,33697074.697916664,33577888.135416664,-119186.5625,-152035.0,2126597.763851328,-0.5491330185405882,0.5842026141958812,2188.0,0.6089285259988455,-0.05604565401411399,0.06013745704467355,0.8497492570121907,0.9169747215041438,119186.5625
Left_Hippocampus,Left_Hippocampus_original_firstorder_TotalEnergy,original_firstorder_TotalEnergy,96,33697074.697916664,33577888.135416664,-119186.5625,-152035.0,2126597.763851328,-0.5491330185405882,0.5842026141958812,2188.0,0.6089285259988455,-0.05604565401411399,0.06013745704467355,0.8497492570121907,0.9169747215041438,119186.5625
Right_Thalamus,Right_Thalamus_original_shape_Maximum2DDiameterSlice,original_shape_Maximum2DDiameterSlice,96,25.76879095375971,25.661071745258486,-0.10771920850122296,0.0,0.9753329692253389,-1.082121099767754,0.2819378562880745,1633.0,0.6174854042946855,-0.11044352226376523,0.06310958118187038,0.7511187893877082,0.9190480436013924,0.10771920850122296
Left_Thalamus,Left_Thalamus_original_firstorder_Entropy,original_firstorder_Entropy,96,1.1810200177205845,1.179151005733206,-0.0018690119873786826,-0.0016792774612726102,0.07570975360707372,-0.24187772243892983,0.8093962714229935,2207.0,0.6583650296650801,-0.024686541671746467,0.05197594501718217,0.9318835584598261,0.9506679860498009,0.0018690119873786826
Left_Thalamus,Left_Thalamus_original_shape_Maximum2DDiameterColumn,original_shape_Maximum2DDiameterColumn,96,37.90679441765249,37.89914487067844,-0.007649546974050366,0.0,0.7751697999584092,-0.09668842543081428,0.9231775170057148,1852.5,0.6606820459512989,-0.009868221097443158,0.05388151174668032,0.9817047970659702,0.9506679860498009,0.007649546974050366
Right_Hippocampus,Right_Hippocampus_original_shape_Flatness,original_shape_Flatness,96,0.19380170377992387,0.19382963394132804,2.7930161404166737e-05,0.00045976470815500825,0.004482854554513233,0.06104560658110737,0.9514511317502272,2208.0,0.6610113340502521,0.006230441131766656,0.05154639175257736,0.9821431037421701,0.9506679860498009,2.7930161404166737e-05
Right_Hippocampus,Right_Hippocampus_original_firstorder_MeanAbsoluteDeviation,original_firstorder_MeanAbsoluteDeviation,96,10.007849463372033,10.104996045753621,0.0971465823815889,-0.033259460573301425,1.2311073484449087,0.7731561586102953,0.4413494903817624,2223.0,0.7011988593123037,0.0789099200035651,0.045103092783505105,0.7647169168558787,0.9525250593285407,0.0971465823815889
Right_Thalamus,Right_Thalamus_original_shape_MajorAxisLength,original_shape_MajorAxisLength,96,34.59307943659356,34.62720686429922,0.03412742770565683,0.0169288466434665,0.39934114911416224,0.8373270252566242,0.40451031167320395,2213.0,0.6743059413101986,0.08545933165505216,0.04939862542955331,0.7647169168558787,0.9525250593285407,0.03412742770565683
Right_Hippocampus,Right_Hippocampus_original_firstorder_InterquartileRange,original_firstorder_InterquartileRange,96,14.0625,14.203125,0.140625,0.0,2.1599867506903587,0.6378918666399983,0.5250786647567958,1148.0,0.7191761238094394,0.06510456601414545,0.049275362318840554,0.8097598685406007,0.9525250593285407,0.140625
Left_Hippocampus,Left_Hippocampus_original_firstorder_90Percentile,original_firstorder_90Percentile,96,102.8,102.58749999999999,-0.212500000000006,0.0,3.511852112939538,-0.5928684393327146,0.5546779143699219,1908.5,0.6983349076124725,-0.060509381706889805,0.04694132334581769,0.8352796828158824,0.9525250593285407,0.212500000000006
Right_Thalamus,Right_Thalamus_original_firstorder_RootMeanSquared,original_firstorder_RootMeanSquared,96,94.62697718820527,94.69479934518854,0.06782215698327398,0.004770756656974129,1.5780406020802094,0.4211036842650669,0.6746305629974299,2231.0,0.7229880701430065,0.04297871480231197,0.04166666666666663,0.9150611752089685,0.9525250593285407,0.06782215698327398
Right_Thalamus,Right_Thalamus_original_shape_VoxelVolume,original_shape_VoxelVolume,96,7515.34375,7520.677083333333,5.333333333333333,17.0,190.55694917056417,0.2742265837421717,0.7845059063831706,2236.0,0.7367186005744182,0.027988133503121737,0.03951890034364258,0.9318835584598261,0.9525250593285407,5.333333333333333
Right_Thalamus,Right_Thalamus_original_shape_MeshVolume,original_shape_MeshVolume,96,7483.178385416667,7488.342013888888,5.163628472222238,13.60416666666697,190.87752832732983,0.26505487762941804,0.7915414537261856,2234.0,0.731218417340822,0.02705205016782958,0.0403780068728522,0.9318835584598261,0.9525250593285407,5.163628472222238
Right_Thalamus,Right_Thalamus_original_firstorder_Variance,original_firstorder_Variance,96,122.83440346173204,123.40123257123044,0.5668291094983943,0.2401759661568832,19.23102038849428,0.28879218295830633,0.7733696371100538,2231.0,0.7229880701430065,0.029474728748013927,0.04166666666666663,0.9318835584598261,0.9525250593285407,0.5668291094983943
Left_Hippocampus,Left_Hippocampus_original_firstorder_Kurtosis,original_firstorder_Kurtosis,96,9.848438753338232,9.788270807803507,-0.06016794553472419,-0.17532111382359972,2.518001043548133,-0.23412343820790246,0.8153929664724374,2217.0,0.6850155848975339,-0.023895123351474513,0.04768041237113407,0.9318835584598261,0.9525250593285407,0.06016794553472419
Left_Thalamus,Left_Thalamus_original_shape_MajorAxisLength,original_shape_MajorAxisLength,96,35.29652741026994,35.29324746362363,-0.003279946646309891,0.003689157124380671,0.37335331207779554,-0.08607606154395737,0.9315871095107329,2235.0,0.7339688100972548,-0.008785101243795715,0.03994845360824739,0.9817047970659702,0.9525250593285407,0.003279946646309891
Left_Thalamus,Left_Thalamus_original_firstorder_Maximum,original_firstorder_Maximum,96,202.47916666666666,202.89583333333334,0.4166666666666667,1.0,28.186098352749664,0.14484029870137624,0.8851438092381475,2147.5,0.7485199401796505,0.014782701083778034,0.03807390817469203,0.9714460934552912,0.9581055234299527,0.4166666666666667
Right_Thalamus,Right_Thalamus_original_shape_LeastAxisLength,original_shape_LeastAxisLength,96,15.42765013120082,15.446507102327784,0.01885697112696307,-0.017218650516915623,0.25952713991997456,0.7119094730469776,0.47826547121777785,2256.0,0.792465504918269,0.07265895633411455,0.030927835051546393,0.7848459014855842,0.9581183974432006,0.01885697112696307
Right_Thalamus,Right_Thalamus_original_firstorder_Energy,original_firstorder_Energy,96,67318177.8125,67436718.96875,118541.15625,63424.0,3126812.358974839,0.37145221778160376,0.7111278916294825,2259.0,0.8009270978626755,0.037911183224587565,0.029639175257731964,0.9150611752089685,0.9581183974432006,118541.15625
Right_Thalamus,Right_Thalamus_original_firstorder_TotalEnergy,original_firstorder_TotalEnergy,96,67318177.8125,67436718.96875,118541.15625,63424.0,3126812.358974839,0.37145221778160376,0.7111278916294825,2259.0,0.8009270978626755,0.037911183224587565,0.029639175257731964,0.9150611752089685,0.9581183974432006,118541.15625
Right_Thalamus,Right_Thalamus_original_firstorder_Minimum,original_firstorder_Minimum,96,31.875,32.1875,0.3125,1.0,8.35692275270849,0.366386320549226,0.7148915431320066,2163.5,0.7945018904167787,0.0373941472533916,0.030907054871220585,0.9150611752089685,0.9581183974432006,0.3125
Right_Thalamus,Right_Thalamus_original_firstorder_10Percentile,original_firstorder_10Percentile,96,82.71875,82.63333333333334,-0.08541666666666596,0.0,2.0358357480362836,-0.4110886628541491,0.6819333796973782,1406.0,0.7647034948025735,-0.04195656095982043,0.038961038961038974,0.9150611752089685,0.9581183974432006,0.08541666666666596
Right_Thalamus,Right_Thalamus_original_firstorder_Mean,original_firstorder_Mean,96,93.97526044511669,94.04072419275468,0.0654637476380134,0.11201918068007188,1.5842100936573795,0.4048775576054123,0.6864777404112128,2250.0,0.7756163750557019,0.04132264268489844,0.03350515463917525,0.9150611752089685,0.9581183974432006,0.0654637476380134
Left_Thalamus,Left_Thalamus_original_firstorder_Variance,original_firstorder_Variance,96,133.257468533793,132.61246917975802,-0.6449993540349549,-0.7869161276435861,19.13107228144126,-0.33033575506231333,0.7418736667891219,2243.0,0.7560922437449658,-0.0337147518208197,0.036512027491408916,0.9318835584598261,0.9581183974432006,0.6449993540349549
Right_Thalamus,Right_Thalamus_original_shape_SurfaceVolumeRatio,original_shape_SurfaceVolumeRatio,96,0.32990190253588886,0.3297105948352028,-0.0001913077006859814,6.36644792945118e-06,0.004393441174797561,-0.4266416523192329,0.670605623749183,2266.0,0.8207602450156196,-0.043543931300001164,0.026632302405498298,0.9150611752089685,0.9727528829814751,0.0001913077006859814
Right_Thalamus,Right_Thalamus_original_shape_Sphericity,original_shape_Sphericity,96,0.750985496093656,0.7511019900753627,0.00011649398170660481,-5.3509734224022054e-05,0.006078619136620352,0.18777344450960404,0.8514547417031062,2270.0,0.8321460211750145,0.01916454692888922,0.02491408934707906,0.956019359105242,0.9771989973431362,0.00011649398170660481
Right_Hippocampus,Right_Hippocampus_original_firstorder_Energy,original_firstorder_Energy,96,34117873.458333336,34197186.645833336,79313.1875,-33076.5,1898219.353272298,0.40938754293865875,0.6831768494255601,2278.0,0.8550212214541975,0.04178294113547719,0.021477663230240585,0.9150611752089685,0.9859704175327683,79313.1875
Right_Hippocampus,Right_Hippocampus_original_firstorder_TotalEnergy,original_firstorder_TotalEnergy,96,34117873.458333336,34197186.645833336,79313.1875,-33076.5,1898219.353272298,0.40938754293865875,0.6831768494255601,2278.0,0.8550212214541975,0.04178294113547719,0.021477663230240585,0.9150611752089685,0.9859704175327683,79313.1875
Left_Hippocampus,Left_Hippocampus_original_firstorder_MeanAbsoluteDeviation,original_firstorder_MeanAbsoluteDeviation,96,10.609286209362095,10.691663009128296,0.08237679976620339,-0.026342572737377168,1.4224814236057344,0.5674060067769183,0.5717767951238862,2284.0,0.8722590570552183,0.05791063306640099,0.018900343642611728,0.8497492570121907,0.9880456575492739,0.08237679976620339
Left_Thalamus,Left_Thalamus_original_firstorder_InterquartileRange,original_firstorder_InterquartileRange,96,11.197916666666666,11.21875,0.020833333333333332,0.0,1.0050312031465718,0.2031022963196123,0.83948945987525,807.0,0.8691992110621158,0.020729041315441666,0.023593466424682408,0.9509261138409912,0.9880456575492739,0.020833333333333332
Right_Thalamus,Right_Thalamus_original_shape_Maximum3DDiameter,original_shape_Maximum3DDiameter,96,38.68871753627451,38.71798324469547,0.02926570842095666,-0.05480996890970147,0.5657576481059464,0.5068322298949627,0.6134469381738239,2197.0,0.8935068164935605,0.051728347851651535,0.015901455767077244,0.8822607650140388,0.9900510951925515,0.02926570842095666
Left_Hippocampus,Left_Hippocampus_original_firstorder_Variance,original_firstorder_Variance,96,250.44104758766176,253.07441261467685,2.6333650270150923,-2.1355971026170693,69.79064422132747,0.36970001894358345,0.7124288646797335,2288.0,0.8837852675252414,0.03773235017954393,0.01718213058419249,0.9150611752089685,0.9900510951925515,2.6333650270150923
Right_Hippocampus,Right_Hippocampus_original_firstorder_Variance,original_firstorder_Variance,96,215.95335553596883,217.22169376158752,1.2683382256186462,-5.624862895316539,49.05650844129099,0.25332267401384845,0.8005662708913478,2296.0,0.9069092279090939,0.02585463715047202,0.013745704467353903,0.9318835584598261,0.9900510951925515,1.2683382256186462
Left_Thalamus,Left_Thalamus_original_firstorder_Uniformity,original_firstorder_Uniformity,96,0.5285036697314082,0.528362637728389,-0.00014103200301905303,0.0007550920252900051,0.04239164741531308,-0.032596652016363754,0.9740646277671962,2296.0,0.9069092279090939,-0.0033268818651314837,0.013745704467353903,0.9895259710650881,0.9900510951925515,0.00014103200301905303
Left_Thalamus,Left_Thalamus_original_firstorder_MeanAbsoluteDeviation,original_firstorder_MeanAbsoluteDeviation,96,7.698725017977946,7.699627787503876,0.00090276952593026,0.024766025624832544,0.44600719788757776,0.019832188398186335,0.9842188345223777,2298.0,0.9127033533806335,0.0020241142524292073,0.012886597938144284,0.9919685891249161,0.9900510951925515,0.00090276952593026
Right_Thalamus,Right_Thalamus_original_shape_Flatness,original_shape_Flatness,96,0.4468123953464887,0.4469476422606269,0.00013524691413815092,-0.0004941331255979842,0.010066850873501922,0.13163438421303822,0.8955518674040965,2301.0,0.9214031540092773,0.013434878080309043,0.011597938144329856,0.9714460934552912,0.9910376249853026,0.00013524691413815092
Left_Thalamus,Left_Thalamus_original_firstorder_Median,original_firstorder_Median,96,95.55208333333333,95.55208333333333,0.0,0.0,1.5559732104309982,0.0,1.0,1263.0,0.9290977734237211,0.0,0.011737089201877882,1.0,0.9910376249853026,0.0
Right_Hippocampus,Right_Hippocampus_original_shape_Maximum2DDiameterSlice,original_shape_Maximum2DDiameterSlice,96,24.508041526623213,24.562092902537845,0.0540513759146356,0.0,1.1148406515541684,0.4750393366142321,0.6358492622163741,1941.5,0.94526470393619,0.04848349926896196,0.008426966292134797,0.9043189507077319,0.9919740374577333,0.0540513759146356
Right_Thalamus,Right_Thalamus_original_shape_SurfaceArea,original_shape_SurfaceArea,96,2462.07181232698,2463.024294525228,0.9524821982478832,1.3112652917247942,39.862077192872526,0.23411678859614762,0.8153981136523478,2323.0,0.9854222202548423,0.02389444467831672,0.0021477663230240474,0.9318835584598261,0.9919740374577333,0.9524821982478832
Left_Thalamus,Left_Thalamus_original_shape_Maximum3DDiameter,original_shape_Maximum3DDiameter,96,39.30790734697704,39.32149229199248,0.013584945015438091,0.0,0.4361201723606034,0.3052019657010944,0.7608800248098181,2045.0,0.9919740374577333,0.03114954518592059,0.0012210012210012167,0.9318835584598261,0.9919740374577333,0.013584945015438091
Right_Hippocampus,Right_Hippocampus_original_firstorder_90Percentile,original_firstorder_90Percentile,96,101.77916666666665,101.82083333333333,0.04166666666666637,0.0,2.904032284388715,0.1405798043838877,0.8884995495071724,1528.5,0.9519833474099518,0.014347866203366607,0.007789678675754641,0.9714460934552912,0.9919740374577333,0.04166666666666637
Left_Hippocampus,Left_Hippocampus_original_firstorder_Maximum,original_firstorder_Maximum,96,198.46875,198.75,0.28125,-0.5,26.125487907808584,0.10547844964102805,0.916218564693861,2180.0,0.9831833266508287,0.010765349186682094,0.002516586593456882,0.9817047970659702,0.9919740374577333,0.28125
Left_Thalamus,Left_Thalamus_original_firstorder_Range,original_firstorder_Range,96,172.21875,171.97916666666666,-0.23958333333333334,-2.0,30.960669376575403,-0.07581966790237608,0.9397220086945823,2273.0,0.9792677436266984,-0.007738312451170716,0.0030701754385964453,0.9817047970659702,0.9919740374577333,0.23958333333333334
Left_Thalamus,Left_Thalamus_original_firstorder_90Percentile,original_firstorder_90Percentile,96,104.79166666666667,104.80208333333333,0.010416666666666666,0.0,1.4326625317305404,0.07123943731025269,0.9433569534305808,1069.0,0.9809477663405901,0.007270844623879551,0.0032634032634032417,0.9817047970659702,0.9919740374577333,0.010416666666666666
Left_Hippocampus,Left_Hippocampus_original_shape_Elongation,original_shape_Elongation,96,0.4729397357587281,0.47289321967949727,-4.651607923067576e-05,-0.0020798264619379947,0.009596937195295979,-0.047490426010447964,0.9622220551172351,2315.0,0.9621099161198811,-0.0048469713080414875,0.005584192439862523,0.9853153844400487,0.9919740374577333,4.651607923067576e-05
