cohort,id,vwrec,PC1_pre,PC1_post,PC1_delta,structure
1,12,12,1.5777439474996324,-0.48626307068004265,-2.0640070181796752,Hippocampus
1,19,15,-4.196882384898565,-5.577615508545346,-1.380733123646781,Hippocampus
1,20,12,-0.6982558046321373,0.7987668685140576,1.497022673146195,Hippocampus
1,30,13,-4.114106857025595,-3.350446077723521,0.7636607793020738,Hippocampus
1,32,14,-8.737444202129641,-1.106219939317449,7.631224262812192,Hippocampus
1,41,11,-2.848395361212,-1.1132469799244447,1.7351483812875552,Hippocampus
1,43,13,-3.9577126752745673,0.16808125959657114,4.1257939348711385,Hippocampus
1,44,15,-0.9485375503330606,-1.1273409938142416,-0.17880344348118093,Hippocampus
1,45,9,3.369403873793679,0.9240760757638576,-2.445327798029821,Hippocampus
1,47,13,-3.0812175875828034,-5.975126192193042,-2.893908604610239,Hippocampus
1,48,12,-4.638673531764118,-0.9773704115904971,3.6613031201736206,Hippocampus
1,50,12,-2.9577812857784793,-0.938234324253009,2.0195469615254704,Hippocampus
1,60,9,6.070851549675154,5.759531348891761,-0.31132020078339284,Hippocampus
1,66,10,4.06040934463331,0.8649254017023956,-3.1954839429309145,Hippocampus
1,68,14,-1.4024547046253126,-1.7818755484620998,-0.3794208438367872,Hippocampus
1,69,14,0.15676739666173145,-1.0493463631101787,-1.20611375977191,Hippocampus
1,80,13,-0.3418233418834671,-3.3536962359000295,-3.0118728940165624,Hippocampus
1,83,14,-0.555376200344082,2.429103867493518,2.9844800678376,Hippocampus
1,84,15,-3.974870136402973,2.394715555854733,6.369585692257706,Hippocampus
1,85,11,-0.30635455383062526,-1.1707664775737454,-0.8644119237431201,Hippocampus
1,89,14,-1.0836225497786962,0.2839248091396385,1.3675473589183347,Hippocampus
1,91,14,-0.7033694495901054,3.378368622404956,4.081738071995061,Hippocampus
1,95,12,6.819568481227562,1.9197167044864225,-4.89985177674114,Hippocampus
1,96,14,-0.02753661445334494,0.3453512047844868,0.3728878192378317,Hippocampus
1,97,14,11.783087863662528,9.750968053330372,-2.0321198103321567,Hippocampus
1,100,14,0.38306644213642754,-0.4013039705387047,-0.7843704126751323,Hippocampus
1,103,12,-1.1154228110685784,-0.5914661592765013,0.5239566517920772,Hippocampus
1,106,15,3.4456426259671136,5.498869513286997,2.0532268873198833,Hippocampus
1,107,14,-1.4097845421517292,-3.984318051770281,-2.5745335096185515,Hippocampus
1,109,13,-1.6689703521890256,-2.863884312954436,-1.1949139607654102,Hippocampus
1,115,15,-3.4102421664438713,1.64564062244625,5.055882788890122,Hippocampus
1,117,15,-4.373501907416032,-0.9814284514280543,3.392073455987978,Hippocampus
1,121,15,0.3013244642594412,-5.240195731570564,-5.541520195830005,Hippocampus
1,122,14,-1.3918885479082446,-0.5318804287935507,0.8600081191146939,Hippocampus
1,124,15,-3.03743002517657,-1.2493116676175142,1.7881183575590556,Hippocampus
1,125,13,-3.741590785780623,-5.643463342216439,-1.9018725564358157,Hippocampus
1,126,13,0.26140059807723054,1.9074068560539097,1.6460062579766792,Hippocampus
1,127,14,-2.00631828664091,-3.41613924441455,-1.4098209577736402,Hippocampus
1,128,14,4.235984048087296,1.5755125064122848,-2.6604715416750113,Hippocampus
1,129,15,4.05818502311583,1.4479817985939636,-2.6102032245218663,Hippocampus
1,130,15,2.384111418911231,1.6124146961299965,-0.7716967227812344,Hippocampus
1,137,10,-3.956324260738508,-5.031813242360775,-1.0754889816222666,Hippocampus
1,138,14,1.1244135786403724,-0.12314194355196893,-1.2475555221923413,Hippocampus
1,139,15,0.34311552368207787,-0.332808479587547,-0.6759240032696249,Hippocampus
1,148,13,-1.8864721748504105,2.4464249995612266,4.332897174411637,Hippocampus
1,150,15,1.8470911668810723,1.7870502639805792,-0.06004090290049313,Hippocampus
1,155,13,-1.3755412085171603,-0.8943924341531688,0.4811487743639915,Hippocampus
1,157,14,3.1770084864876114,0.4656295891115666,-2.711378897376045,Hippocampus
1,159,15,5.881011559928288,5.65874382273093,-0.22226773719735782,Hippocampus
1,160,15,0.27002207015347773,-2.5897178385574726,-2.8597399087109503,Hippocampus
1,163,15,-0.7394742294870331,3.1356060090900373,3.8750802385770706,Hippocampus
1,164,15,2.6657197135529382,0.420035911811913,-2.245683801741025,Hippocampus
1,167,15,2.3565084847940945,1.437467034432248,-0.9190414503618465,Hippocampus
1,175,15,-10.593749026474306,-0.39379253501154804,10.199956491462759,Hippocampus
1,176,15,-0.9803861744681645,-0.8284800914757122,0.15190608299245223,Hippocampus
1,178,13,-4.879200952827883,-4.437125278176557,0.4420756746513259,Hippocampus
1,179,15,-0.4928138244399212,-2.2876516968520413,-1.7948378724121201,Hippocampus
1,182,15,-2.1578821704312716,0.19253572907781794,2.3504178995090896,Hippocampus
1,183,13,1.6876093874440456,-8.711673497735818,-10.399282885179863,Hippocampus
1,184,15,4.026434092355317,3.360665755291099,-0.6657683370642182,Hippocampus
1,186,14,8.51074610131482,5.0374879437063855,-3.473258157608435,Hippocampus
1,187,14,1.0547336384105817,-3.0779668098574846,-4.132700448268066,Hippocampus
1,188,14,2.2040956346198133,0.7547262748077492,-1.449369359812064,Hippocampus
1,189,15,-0.39749380801363887,1.077728831377857,1.4752226393914958,Hippocampus
1,190,14,-3.2133411217894206,-2.7418298570753388,0.4715112647140818,Hippocampus
1,191,15,4.148772055346884,2.259152356693017,-1.8896196986538665,Hippocampus
1,192,15,0.04756073286976045,0.6588918736761004,0.6113311408063399,Hippocampus
1,194,14,0.35646410920936605,0.5178664277427586,0.16140231853339254,Hippocampus
1,200,13,-1.5076258061192604,0.5457314211555057,2.053357227274766,Hippocampus
1,201,15,-2.0917763431161935,-2.665429331129081,-0.5736529880128876,Hippocampus
1,204,13,-2.6565014953247115,-1.012843860424945,1.6436576348997665,Hippocampus
1,205,15,-2.8244850896523714,-10.319241657386044,-7.494756567733672,Hippocampus
1,208,14,-2.7900467935688047,-0.41624809665596063,2.373798696912844,Hippocampus
1,209,15,-1.8197906179115935,-1.4526101932466602,0.3671804246649333,Hippocampus
1,210,14,1.3571719781251936,5.300927614357489,3.9437556362322956,Hippocampus
1,213,12,4.995619069562623,-1.0150981021372418,-6.010717171699865,Hippocampus
1,215,13,2.3078748760515566,2.8202890287146256,0.512414152663069,Hippocampus
1,216,15,1.4459205958094525,-1.5456023695456595,-2.991522965355112,Hippocampus
1,221,15,3.5384906432278145,7.714999582032938,4.1765089388051235,Hippocampus
1,223,11,-1.7048946499822628,6.457748796729856,8.162643446712119,Hippocampus
1,225,14,3.5029662973944315,7.65858288413327,4.155616586738838,Hippocampus
1,227,15,3.9603008904464008,0.7339186719515062,-3.2263822184948947,Hippocampus
1,229,12,0.7032007774412925,-0.37252680808884847,-1.075727585530141,Hippocampus
1,234,10,-1.2233183989277343,-0.517503515125087,0.7058148838026473,Hippocampus
1,235,11,-4.409111856606489,-3.9932133245201484,0.41589853208634064,Hippocampus
1,236,12,0.523967500791734,1.8599673152142477,1.3359998144225136,Hippocampus
1,237,15,-3.982297063598172,2.9773202893632,6.959617352961372,Hippocampus
1,238,11,9.201271617392425,9.109693179539374,-0.09157843785305175,Hippocampus
1,239,13,-2.100437533133084,3.5794050849409973,5.6798426180740815,Hippocampus
1,241,15,3.3676481179937796,1.375495163717542,-1.9921529542762375,Hippocampus
1,243,11,-3.0453319145472073,-0.7050708980268803,2.3402610165203273,Hippocampus
1,246,14,-3.6630515229649596,-1.9460426637652926,1.717008859199667,Hippocampus
1,248,15,6.886544331603283,7.582911487428713,0.6963671558254294,Hippocampus
1,249,11,1.6031757235230886,-3.4435487007989196,-5.046724424322008,Hippocampus
1,250,13,-6.430423745502254,-2.594937426210455,3.8354863192917987,Hippocampus
1,252,15,-3.1525272402322875,-4.470251565353309,-1.3177243251210218,Hippocampus
1,12,12,1.0595721791338755,1.6879322682166766,0.6283600890828012,Thalamus
1,19,15,0.8997363791265464,0.004274267302003188,-0.8954621118245432,Thalamus
1,20,12,-0.554405179474512,1.0325301421653508,1.5869353216398627,Thalamus
1,30,13,5.481452383337486,3.3310590944598117,-2.1503932888776744,Thalamus
1,32,14,-6.59304171303099,4.282908232076776,10.875949945107767,Thalamus
1,41,11,0.8286023436202647,-1.4474950111658726,-2.2760973547861374,Thalamus
1,43,13,6.992678582253749,1.8671666056949259,-5.125511976558823,Thalamus
1,44,15,-2.794016736544647,-4.469725510664127,-1.6757087741194803,Thalamus
1,45,9,-1.8371403103902721,-1.1823473722399374,0.6547929381503348,Thalamus
1,47,13,1.5051341934614926,1.7191815171311906,0.21404732366969803,Thalamus
1,48,12,3.113508778798116,1.6595337620967792,-1.453975016701337,Thalamus
1,50,12,-0.8211757480905642,0.4208311993834218,1.2420069474739859,Thalamus
1,60,9,3.4830093425315702,0.6600787906061873,-2.822930551925383,Thalamus
1,66,10,2.1049118418486494,2.1466180720951953,0.04170623024654585,Thalamus
1,68,14,2.794197692176945,3.007048132688783,0.21285044051183766,Thalamus
1,69,14,-5.8024989149232,0.003650146531586557,5.806149061454787,Thalamus
1,80,13,0.5817646475813358,3.4526639296964605,2.8708992821151247,Thalamus
1,83,14,1.7624512476040022,1.330658219813063,-0.4317930277909392,Thalamus
1,84,15,-0.317528223751065,5.460493390729837,5.7780216144809025,Thalamus
1,85,11,0.8597848432485675,-0.42597627903512325,-1.2857611222836907,Thalamus
1,89,14,-0.24330764671824637,-1.4334956340600018,-1.1901879873417553,Thalamus
1,91,14,-3.341680850494572,3.245238795340469,6.5869196458350405,Thalamus
1,95,12,0.7939103267430111,3.5656801459384666,2.7717698191954554,Thalamus
1,96,14,0.47589092462734695,-5.163817074983011,-5.639707999610358,Thalamus
1,97,14,2.847187432084926,3.685182347434451,0.8379949153495252,Thalamus
1,100,14,2.3748473427048635,-1.5182509741039654,-3.893098316808829,Thalamus
1,103,12,9.042975467956461,7.366265218982566,-1.6767102489738956,Thalamus
1,106,15,-2.7685028292980864,-1.4363842520836605,1.332118577214426,Thalamus
1,107,14,-0.8804366883413876,-5.354208258745183,-4.4737715704037955,Thalamus
1,109,13,-2.0824926764630045,-3.6902940617507536,-1.607801385287749,Thalamus
1,115,15,-0.7034173023419674,-1.2115349250698328,-0.5081176227278654,Thalamus
1,117,15,0.5212977809378346,-1.0408915306339717,-1.5621893115718062,Thalamus
1,121,15,-1.301474586978968,-0.80020635814379,0.5012682288351779,Thalamus
1,122,14,2.815501401247131,4.5705019218055325,1.7550005205584016,Thalamus
1,124,15,2.1284396884880623,-3.1432714379152107,-5.271711126403273,Thalamus
1,125,13,-3.1778412285644304,-2.1429203375870354,1.034920890977395,Thalamus
1,126,13,1.6621301673548545,1.8912694109329022,0.2291392435780477,Thalamus
1,127,14,2.5150702925810844,2.3407351898898545,-0.17433510269122987,Thalamus
1,128,14,-1.7018213447807584,1.0272133244446557,2.729034669225414,Thalamus
1,129,15,-2.3802861459937996,1.1169850167793234,3.497271162773123,Thalamus
1,130,15,8.191214419227228,9.313892591452987,1.1226781722257595,Thalamus
1,137,10,-1.658045436092598,-0.8354519668632329,0.8225934692293652,Thalamus
1,138,14,0.08643038998077586,-3.8411741325667488,-3.9276045225475245,Thalamus
1,139,15,4.903235674139107,-0.7243605252297461,-5.627596199368853,Thalamus
1,148,13,-1.6473433037426055,0.7704156418087494,2.417758945551355,Thalamus
1,150,15,-1.6323368208784477,-2.0952283525818673,-0.4628915317034197,Thalamus
1,155,13,-0.13230756688379827,-3.5044936824759674,-3.3721861155921693,Thalamus
1,157,14,2.449446813843699,1.6367927013413173,-0.8126541125023818,Thalamus
1,159,15,-0.2990642635083677,1.7343200567431933,2.033384320251561,Thalamus
1,160,15,-1.4935102190317946,-1.6364631625372206,-0.14295294350542598,Thalamus
1,163,15,-1.603102129759028,1.5816426675950468,3.1847447973540746,Thalamus
1,164,15,-1.98750945477826,-3.7685685032954432,-1.7810590485171833,Thalamus
1,167,15,-2.6315656137397707,0.15571574933301446,2.7872813630727853,Thalamus
1,175,15,-7.1132360825281635,2.758780762947516,9.87201684547568,Thalamus
1,176,15,-1.8495374283964567,-2.2336007207756188,-0.38406329237916204,Thalamus
1,178,13,-1.5270826652640512,1.9135958778931796,3.440678543157231,Thalamus
1,179,15,1.6072358108671145,4.488304415777608,2.8810686049104937,Thalamus
1,182,15,-3.31909829340108,2.449486465526501,5.768584758927581,Thalamus
1,183,13,-4.072433311537201,-4.684842987045262,-0.6124096755080615,Thalamus
1,184,15,-2.907160219188707,-5.838629080807397,-2.9314688616186904,Thalamus
1,186,14,-0.744016033559112,-2.07072211179273,-1.326706078233618,Thalamus
1,187,14,-1.3439437772609624,-0.9115303243514052,0.43241345290955713,Thalamus
1,188,14,-3.3649126122093134,-2.7489885432804653,0.6159240689288481,Thalamus
1,189,15,-2.3084607251591582,3.329368641670386,5.6378293668295445,Thalamus
1,190,14,-0.16629601128983168,-2.8132714358607447,-2.646975424570913,Thalamus
1,191,15,2.6163948780412065,3.2195248043138625,0.6031299262726559,Thalamus
1,192,15,2.748914607402653,-0.5406148325051023,-3.2895294399077555,Thalamus
1,194,14,3.0451665137138537,1.9152311286076125,-1.1299353851062413,Thalamus
1,200,13,-5.3798597437811555,-0.3362844764531326,5.0435752673280225,Thalamus
1,201,15,-1.376084791119759,-4.55070865450557,-3.1746238633858113,Thalamus
1,204,13,4.147965542104808,2.1185662887499745,-2.0293992533548337,Thalamus
1,205,15,7.227938789571178,-7.322540594778422,-14.5504793843496,Thalamus
1,208,14,1.6766433956678353,-1.6678600850171668,-3.344503480685002,Thalamus
1,209,15,-0.8979661487991994,1.3570868962243576,2.255053045023557,Thalamus
1,210,14,-0.38077222266458033,-0.04278419216669037,0.33798803049788995,Thalamus
1,213,12,1.3726934903907577,3.8442547182722158,2.471561227881458,Thalamus
1,215,13,-0.09416660314091316,2.1069100438650015,2.2010766470059147,Thalamus
1,216,15,-3.5037785804539174,-3.5457223721326963,-0.04194379167877882,Thalamus
1,221,15,-1.4256324289716764,-0.7639003690619633,0.6617320599097131,Thalamus
1,223,11,1.290513690864846,-0.9635436375248887,-2.2540573283897345,Thalamus
1,225,14,-0.5190943540698764,-0.37703692570524006,0.1420574283646363,Thalamus
1,227,15,-3.1890536648212167,-6.321274881502587,-3.1322212166813705,Thalamus
1,229,12,-3.5968996546143233,-3.5915568157935747,0.005342838820748597,Thalamus
1,234,10,-3.487767657673051,-4.332377438674339,-0.8446097810012878,Thalamus
1,235,11,-1.0113689169749978,2.052388531607762,3.0637574485827597,Thalamus
1,236,12,-5.320540932413791,-4.360870015606689,0.9596709168071023,Thalamus
1,237,15,-1.349396707291852,4.556416621201347,5.905813328493199,Thalamus
1,238,11,-3.7607938150615845,-4.0600300544518495,-0.299236239390265,Thalamus
1,239,13,3.878220662647157,1.5476448133017398,-2.330575849345417,Thalamus
1,241,15,-1.4933604160167593,-2.537533876639863,-1.044173460623104,Thalamus
1,243,11,4.000987934859655,2.424225943613381,-1.5767619912462738,Thalamus
1,246,14,1.705037091118568,4.225061518959248,2.5200244278406805,Thalamus
1,248,15,2.265691989417662,1.8810426510210845,-0.38464933839657744,Thalamus
1,249,11,4.175976191057664,0.7244093304536121,-3.451566860604052,Thalamus
1,250,13,1.787743377443464,2.579762899149865,0.792019521706401,Thalamus
1,252,15,-2.0942461036511877,-5.916450839400125,-3.822204735748937,Thalamus
