ROI,n_subjects,n_rows,beta_time,p_time,beta_dose,p_dose,beta_time_dose,p_time_dose,q_time_dose_fdr
aseg+DKT_Right-Caudate,95,190,-9.501210801536219,0.16262184428048398,-42.11289736814501,0.2550945067121827,26.88944539909102,0.0002170310757540555,0.031035443832829936
aseg+DKT_ctx-rh-caudalmiddlefrontal,95,190,-20.676563412429324,0.25633494224323083,28.74848932031054,0.7291035035239029,-64.80313034276848,0.0008707168472977907,0.062256254581792035
cerebellum.CerebNet_Left-Cerebellum-Cortex,95,190,-26.035540130091295,0.814720958958786,176.73812688793825,0.6793761094815787,-349.9519593080311,0.0032024136040283923,0.11646939227262426
aseg+DKT_ctx-lh-rostralanteriorcingulate,95,190,-13.848088130223392,0.20031719677161575,-51.41553997510252,0.21807191338389031,-33.998847076647365,0.0032578850985349444,0.11646939227262426
cerebellum.CerebNet_Right-Cerebellum-Cortex,95,190,-47.22254131068759,0.7118532296190274,265.2261725069757,0.5282444836731137,-359.7217819989668,0.008464029343254284,0.20109438536972404
aseg+DKT_ctx-rh-insula,95,190,-32.86436535279928,0.03687800977810548,-26.538721501481664,0.528783881376763,43.51877334150063,0.00970506399236795,0.20109438536972404
cerebellum.CerebNet_Cbm_Left_X,95,190,-1.6165156753287044,0.8354624355435897,9.78789125513563,0.4204596788369299,-21.46992066997084,0.009843781102014464,0.20109438536972404
hypothalamus.HypVINN_Tuberal-Region,95,190,-0.2901028558298026,0.7853975014583372,0.546206698260751,0.7198843977678784,-2.8388552925916493,0.01265730688304433,0.2262493605344174
cerebellum.CerebNet_Cbm_Left_IX,95,190,-47.56966052764804,0.020073023715660235,8.986062203552864,0.8587972750345401,-52.74458310463386,0.015854300663772844,0.2515904220272076
aseg+DKT_Right-Putamen,95,190,-12.608937420112659,0.40029124405225047,61.216875852620994,0.09129357694954615,-37.732019711487084,0.01851086133132323,0.2515904220272076
aseg+DKT_Brain-Stem,95,190,-6.599683931593382,0.865583667200577,102.8756905376297,0.5004993393033484,-97.43722000979324,0.019353109386708277,0.2515904220272076
hypothalamus.HypVINN_Ant-Commisure,95,190,-5.265126150091674,0.40495114741932714,8.35194359341604,0.373800177567598,-15.069489512074053,0.02572189887188295,0.3065192948899385
aseg+DKT_Left-Cerebellum-Cortex,95,190,-87.56218656409011,0.31108648350489665,228.07686927674885,0.6173172055138612,-202.83906570332547,0.028090332728087187,0.30899366000895906
aseg+DKT_ctx-rh-lateralorbitofrontal,95,190,-97.59584233426857,0.000264434267019872,46.38790623767302,0.4832500975147732,-56.56834338957983,0.04787234201933465,0.4334772688545091
aseg+DKT_ctx-lh-posteriorcingulate,95,190,-26.894242552203714,0.05854466238143817,-9.002669918083084,0.8413270190070711,-29.77052016573577,0.050065569566376616,0.4334772688545091
aseg+DKT_Left-Thalamus,95,190,-46.79410884362444,0.009834689124814146,25.548960702615954,0.6139027275255042,-37.89083126126683,0.050453483188876456,0.4334772688545091
aseg+DKT_Right-Cerebral-White-Matter,95,190,964.4148906833849,0.0003194244417503369,-164.48610168168955,0.7717474588334707,551.3427227663686,0.054195334325520025,0.4334772688545091
aseg+DKT_Left-Cerebral-White-Matter,95,190,789.4646302133435,0.005442562229945179,66.36262369467958,0.9047784987054516,578.8722925598821,0.056503229743892255,0.4334772688545091
cerebellum.CerebNet_Cbm_Right_IX,95,190,6.460260513002824,0.7996094779713745,27.400777034024,0.5934245704645147,-51.64059167528097,0.05759488187577393,0.4334772688545091
cerebellum.CerebNet_Cbm_Right_VIIIb,95,190,-22.496792075120172,0.5783792656640727,12.327690135274276,0.8114750991328471,-80.29437764395443,0.06344716976561726,0.45364726382416337
aseg+DKT_ctx-rh-fusiform,95,190,-51.55994617174793,0.08661554993495627,-170.39398442036926,0.04058298800617773,58.9539576045767,0.06674634545529838,0.45451082857655567
aseg+DKT_ctx-lh-cuneus,95,190,11.257222313027272,0.6857743816231969,14.094447302028469,0.8207381617112295,-53.7546550293093,0.07063214371591553,0.45910893415345094
cerebellum.CerebNet_Cbm_Left_VI,95,190,42.86353196924606,0.28666988330721777,29.603256593839667,0.7278479159456849,-76.08885663601559,0.076763983515978,0.4772717235993415
aseg+DKT_ctx-lh-transversetemporal,95,190,-16.5702406562787,0.005745415555450887,8.353332871812531,0.6510482405455533,-11.151347770396082,0.08197599285719386,0.4884402907741134
aseg+DKT_Left-Caudate,95,190,0.5729532684232904,0.9403087262603722,-37.10730557259239,0.3176307938478802,13.915409881186767,0.0887563303596785,0.49065868552055103
aseg+DKT_ctx-lh-lateraloccipital,95,190,-94.25627623026791,0.025490762868528333,7.836719973944095,0.9538640094737971,-76.11437831596729,0.09140168487949596,0.49065868552055103
aseg+DKT_ctx-rh-inferiortemporal,95,190,12.381183105522162,0.7700425908416059,105.16477164692131,0.42189845190101805,-76.1144444329783,0.09264184971367047,0.49065868552055103
aseg+DKT_WM-hypointensities,95,190,8.329303226586806,0.06382322281346614,-18.492989993640315,0.5067827373721696,-7.739247369678384,0.10701135514525872,0.5465222780632856
cerebellum.CerebNet_Cbm_Right_CrusI,95,190,17.955328212710945,0.7351871280354998,116.45946405243268,0.4729116519385056,-89.7099879447582,0.11379657605856495,0.5559235776818375
hypothalamus.HypVINN_R-Lat-Hypothalamus,95,190,1.093487969575841,0.3946412576379428,0.03845586405430436,0.9789532840382316,-2.135474408782879,0.11982868771034731,0.5559235776818375
aseg+DKT_ctx-rh-parsopercularis,95,190,-28.92441456814992,0.14148684490885766,112.55645487820134,0.11098198812961202,-32.64022702713516,0.12051490145550323,0.5559235776818375
aseg+DKT_Right-Cerebellum-White-Matter,95,190,-4.709201200222024,0.9217617010872536,93.01577305903292,0.3952617317146133,-77.96737256272257,0.1281135824233682,0.5725075714544267
aseg+DKT_ctx-lh-medialorbitofrontal,95,190,-17.43957064042836,0.23523957906791493,58.04394448882753,0.10226594769386968,-23.27499668886413,0.13824935329964128,0.5779813142958276
aseg+DKT_ctx-lh-parahippocampal,95,190,7.556465744423378,0.45187311209208747,-38.249043042409156,0.0466983141135393,15.4418070321908,0.15028629073235777,0.5779813142958276
aseg+DKT_ctx-rh-middletemporal,95,190,-106.00472268772447,0.003506274394301865,127.86254404565143,0.30172760610275784,-55.12176405702661,0.15543030655056053,0.5779813142958276
aseg+DKT_ctx-rh-superiorparietal,95,190,-50.284221903685,0.15635207808263743,20.373837204992373,0.8391148799553364,53.721044370295196,0.15647173885095278,0.5779813142958276
hypothalamus.HypVINN_L-Fornix,95,190,0.9665470402570336,0.718994145586834,-4.13968595895998,0.2691626643648911,4.062652444512198,0.15703207349256365,0.5779813142958276
aseg+DKT_Left-Cerebellum-White-Matter,95,190,31.405013818336986,0.5242743243359028,78.41021490214054,0.4846629816936081,-71.8256462144573,0.17296118067874633,0.5779813142958276
aseg+DKT_ctx-lh-caudalmiddlefrontal,95,190,-14.355449588489693,0.5822677406389893,-66.16394684835713,0.44075425517113664,37.34009508461317,0.18060070523409866,0.5779813142958276
cerebellum.CerebNet_Cbm_Vermis_VI,95,190,-17.789240957569618,0.24213878410010148,3.1498869986377542,0.909818114050406,21.714779203768288,0.18155193281268867,0.5779813142958276
cerebellum.CerebNet_Cbm_Left_CrusII,95,190,-50.12350553322798,0.3367707479124987,40.18927564934152,0.728766223940657,-74.2798936814488,0.1828555573925964,0.5779813142958276
cerebellum.CerebNet_Cbm_Right_VIIIa,95,190,-55.17647830895327,0.18274443149236053,142.98764383582554,0.03502577380361746,-58.76801585594403,0.1842255512952875,0.5779813142958276
aseg+DKT_ctx-lh-precuneus,95,190,-32.17387446543222,0.339154924546486,237.73212720350276,0.0022781769356516914,-47.73286667509382,0.18452871320540654,0.5779813142958276
aseg+DKT_Right-Cerebellum-Cortex,95,190,-68.34709321584832,0.3674413449163678,328.1005847822441,0.4713468872933605,-106.22722561660969,0.18984984422505025,0.5779813142958276
cerebellum.CerebNet_Cbm_Left_VIIIa,95,190,26.765305264688187,0.4805516870275285,58.218979993435084,0.3450841761475836,-52.93341077838377,0.19175267911012217,0.5779813142958276
cerebellum.CerebNet_Right-Cerebellum-White-Matter,95,190,-10.63194606753448,0.8259418514012725,128.09971196959722,0.19075713236912795,-67.30402075913891,0.19270103273098615,0.5779813142958276
aseg+DKT_ctx-lh-isthmuscingulate,95,190,-4.073513556433428,0.7485652428834089,35.980734874157605,0.28609478669683097,-17.641786441568318,0.193950122383165,0.5779813142958276
aseg+DKT_Left-Hippocampus,95,190,22.951337744619032,0.029020439578481858,-25.652240197817935,0.4531759521201518,-14.591179736074064,0.19400771388950855,0.5779813142958276
aseg+DKT_ctx-rh-lateraloccipital,95,190,-100.76392556497731,0.03136160031319591,27.998047463798443,0.8362856048160783,-62.89978059431889,0.20864318495466205,0.6088974581329933
aseg+DKT_ctx-lh-fusiform,95,190,4.082067526869834,0.899984612392153,9.621834968521739,0.9047758247855567,-40.818987822952984,0.23959538397460312,0.6836967694881985
aseg+DKT_ctx-lh-parsorbitalis,95,190,-50.00436490754677,1.9634151762412105e-05,53.559416141669494,0.058397661144308166,-14.588825193551019,0.24383591079649036,0.6836967694881985
aseg+DKT_ctx-rh-isthmuscingulate,95,190,-3.5378529738743256,0.7583821337150779,55.89995413466729,0.05577374668726186,-14.08524407327985,0.25180433779356426,0.6924619289323017
cerebellum.CerebNet_Cbm_Vermis_X,95,190,2.3344818793775213,0.4285592774370195,4.71739911534058,0.4113643719522573,-3.5586094622589823,0.2588070421382095,0.6982906985993199
aseg+DKT_ctx-lh-superiortemporal,95,190,-61.58136915195849,0.13454532423533716,-115.28750777225977,0.34311933121093874,-48.41244366435644,0.2709669277547968,0.7175605679432583
cerebellum.CerebNet_Left-Cerebellum-White-Matter,95,190,2.086389729548215,0.9597468704119712,119.0508265762539,0.23027081828694196,-47.4197571487672,0.2830907169749811,0.7266435179868891
aseg+DKT_ctx-lh-postcentral,95,190,-21.431249071206043,0.502759080780799,140.58329348723626,0.12134216326644127,36.505395246093435,0.2854367037122878,0.7266435179868891
cerebellum.CerebNet_Cbm_Right_VI,95,190,3.6906231012254853,0.931742594367135,-0.10439432149199498,0.9989782974328149,-47.97908073762336,0.2974419358574748,0.7266435179868891
aseg+DKT_Right-Inf-Lat-Vent,95,190,-1.3651682936308098,0.802557773276317,-12.616933966155374,0.41455883312255715,6.075428706115919,0.2977553647984924,0.7266435179868891
aseg+DKT_ctx-rh-caudalanteriorcingulate,95,190,18.42408612180142,0.04858951384647333,22.946622981902845,0.591357989962588,10.350457191798366,0.2998039689596256,0.7266435179868891
aseg+DKT_Left-Inf-Lat-Vent,95,190,1.7438735741265758,0.7013717273731611,-15.363651144254243,0.3710897753215818,4.9284113070003555,0.3105108417623924,0.7400508395337019
cerebellum.CerebNet_Cbm_Vermis_VII,95,190,1.5080395640715258,0.8869690444582864,3.7424116874669346,0.787708074302556,-11.149897306735777,0.3254244624554783,0.762880297231695
aseg+DKT_Left-Pallidum,95,190,-0.5440188837869732,0.9361398790808041,-5.656767299540619,0.7135426030449206,6.988904411950389,0.3354632562557168,0.7737297684607662
aseg+DKT_ctx-lh-entorhinal,95,190,-10.802523416690102,0.4003418286043384,6.8287642065254675,0.6969915180209543,12.806589407142132,0.3508525902909443,0.7831805432206812
aseg+DKT_ctx-lh-caudalanteriorcingulate,95,190,25.12910361269309,0.049045708003940834,-18.889063506551405,0.58416564616322,12.723207319967347,0.3510802834573318,0.7831805432206812
hypothalamus.HypVINN_L-Post-Hypothalamus,95,190,-0.2884309282157069,0.9223123364187417,-0.7090320589323305,0.8284359330611841,-2.832288140239861,0.37022211295419005,0.7831805432206812
aseg+DKT_ctx-rh-transversetemporal,95,190,-2.9231682280678934,0.578701420806256,14.714697191474539,0.32144371718562015,5.030469286434276,0.3712200145648664,0.7831805432206812
aseg+DKT_Right-Accumbens-area,95,190,1.8778005762188867,0.6450326399595026,3.196334565991404,0.6346562734054786,-3.873651506221642,0.3738843274928897,0.7831805432206812
aseg+DKT_ctx-lh-lateralorbitofrontal,95,190,-17.13238707937556,0.6050845525003057,129.4556331671421,0.024569718287620574,31.469026354868095,0.374128024003198,0.7831805432206812
aseg+DKT_Left-choroid-plexus,95,190,5.071386333033349,0.36306236891171506,-17.845496456518706,0.3616379955665969,5.25395219635424,0.3778983040715175,0.7831805432206812
aseg+DKT_ctx-lh-paracentral,95,190,-13.456725115631167,0.46373761397296254,28.325095818777864,0.5323945547801476,-16.793155526513893,0.39221058057661295,0.7978798446486388
aseg+DKT_ctx-lh-insula,95,190,-44.35423980322669,0.006519161754551188,4.833750291846312,0.8976930388856651,-14.577909671524345,0.40277684789138,0.7978798446486388
hypothalamus.HypVINN_L-Ant-Hypothalamus,95,190,-0.09300390501335246,0.9568188762663405,4.482892691868128,0.0518213714539304,-1.5224448689172805,0.4068947975527457,0.7978798446486388
aseg+DKT_ctx-rh-lingual,95,190,-20.485245636986683,0.45324824468954095,37.59440985349439,0.6505929024496263,-24.066833000513427,0.40963420842143394,0.7978798446486388
cerebellum.CerebNet_Cbm_Vermis_VIII,95,190,2.71794629131977,0.8814601836270377,3.670586861391094,0.9090118753177958,-15.949677787597025,0.4128888706573376,0.7978798446486388
hypothalamus.HypVINN_L-Lat-Hypothalamus,95,190,2.2473255967250245,0.06585036151682734,-0.19351859682188416,0.8993790369725918,-1.0533007277533093,0.4198376722713387,0.8004904951306858
aseg+DKT_Right-VentralDC,95,190,-12.856363575083947,0.20452479384708155,1.7189110141557262,0.941621434801931,-8.592791813621137,0.4274823720051739,0.804341831536051
aseg+DKT_ctx-rh-medialorbitofrontal,95,190,7.001454067228617,0.6355144437570447,-29.676613884217097,0.38509442559782925,12.323313528965144,0.43501263928816747,0.8078806158208824
hypothalamus.HypVINN_R-N.opticus,94,187,2.7518679240898796,0.6244383622319671,8.764763014456173,0.18659887008343135,-4.565274416897338,0.44634810525165713,0.8183048596280381
aseg+DKT_ctx-lh-middletemporal,95,190,-70.48931616100502,0.059827441814504334,176.00637125149854,0.20155889585669517,-29.849131491962027,0.4557896550168328,0.8250369704735075
cerebellum.CerebNet_Cbm_Left_I_IV,95,190,17.383750627366194,0.2663691998719615,28.40699774782181,0.43758873969018475,-11.983477635479652,0.47340575699765153,0.838029282878661
aseg+DKT_ctx-lh-precentral,95,190,-3.788775247575575,0.9050059662921552,-45.31664812620719,0.670943028923679,24.25320657886369,0.47468791547672406,0.838029282878661
aseg+DKT_ctx-lh-parstriangularis,95,190,-32.030529686465705,0.08666954426581505,-96.33163390905472,0.23026035147922408,14.087261319205595,0.4807278865483513,0.8383425338587102
hypothalamus.HypVINN_R-Optic-tract,95,190,-1.9761176303234327,0.5535512753055813,-4.106451235344507,0.36581388485684896,2.4794761305663666,0.4867000303096085,0.8385313775213737
aseg+DKT_ctx-rh-precentral,95,190,-25.41631235387692,0.39415316343162365,-48.87764790671449,0.6134022784128692,-20.9048657319251,0.5119253974547662,0.8551387495169662
aseg+DKT_Right-Amygdala,95,190,-1.3410421441309053,0.8940585477763908,-4.309738459989788,0.7638095276858943,7.0173546398088975,0.5143679673699191,0.8551387495169662
hypothalamus.HypVINN_Epiphysis,76,145,1.3208898762783268,0.8355068750712227,-12.459035992511833,0.13681249946338078,-4.257284534293265,0.5150511515617638,0.8551387495169662
aseg+DKT_Left-Accumbens-area,95,190,-1.3780991897533523,0.6947180279565701,5.535181338245789,0.4002071212464662,2.412744716251487,0.5202592392166159,0.8551387495169662
hypothalamus.HypVINN_R-Ant-Hypothalamus,95,190,1.1619782716609572,0.44980205557505315,4.9328873795311425,0.034007715846327405,-1.034395170296029,0.5290106005751385,0.857980837045816
hypothalamus.HypVINN_L-N.opticus,85,164,6.7825134823657995,0.1229486437037012,-2.6153993176995964,0.600568734041363,-2.8261582588866183,0.5339880734061372,0.857980837045816
aseg+DKT_ctx-lh-superiorparietal,95,190,-14.989368180169233,0.6666822380759314,-107.19294664730022,0.26896922295227144,22.527932691282544,0.5446934543548925,0.8611055325279242
aseg+DKT_Right-choroid-plexus,95,190,8.765495410327484,0.19372257959892647,-8.499924493558225,0.6466331781283348,4.330301508402333,0.5479762479723154,0.8611055325279242
aseg+DKT_ctx-rh-superiorfrontal,95,190,-98.80414547565348,0.0921183515080408,-237.7309709414416,0.19230988671247762,-36.1916785936864,0.5637137379860638,0.8762072231739906
aseg+DKT_Left-Lateral-Ventricle,95,190,66.25910826507898,0.10207853023609391,-419.87268739096527,0.5340175848477267,-22.935121711446012,0.5960976138413259,0.9165802019280602
cerebellum.CerebNet_Cbm_Right_I_IV,95,190,6.287525523384016,0.6827630676234046,18.039539968966796,0.6056179134602624,-8.299393918319655,0.6136993255185232,0.9336064207356258
aseg+DKT_3rd-Ventricle,95,190,1.7148182585084881,0.7283382870511017,-21.147639868876702,0.3909530764838901,2.611419466826434,0.6205880212113093,0.9341482845601813
cerebellum.CerebNet_Cbm_Left_CrusI,95,190,-36.53161606585088,0.5114426072286034,33.07695584964916,0.8294616116014646,-27.542751506157447,0.6432007375339373,0.9516823989917227
cerebellum.CerebNet_Cbm_Left_VIIIb,95,190,1.5473698562910787,0.9642312955895016,16.406884946219677,0.7506995191850401,-16.39559999937379,0.6565970353050044,0.9516823989917227
cerebellum.CerebNet_Cbm_Right_VIIb,95,190,-14.833195327746193,0.6514503459954987,0.816570849142793,0.9891702588795145,-15.501761616517582,0.6586602603949194,0.9516823989917227
aseg+DKT_ctx-rh-inferiorparietal,95,190,-5.511894253920772,0.9151652275258908,157.69417732698645,0.2880751038769205,-24.412156666133594,0.658857045455808,0.9516823989917227
aseg+DKT_ctx-rh-precuneus,95,190,-10.61921780761218,0.7864618281669453,74.6343120161824,0.3838974112951513,-17.15888332237158,0.682092498635264,0.9662480628288154
cerebellum.CerebNet_Cbm_Left_VIIb,95,190,15.838075090619267,0.6002341931712356,5.424929830191447,0.9385703978960298,-13.21327633717017,0.682454925494478,0.9662480628288154
aseg+DKT_Right-Thalamus,95,190,-7.573594939439073,0.6372859430255351,4.657339039978961,0.9127569308968506,-6.718317712216471,0.6955183021865641,0.9714897161175252
aseg+DKT_ctx-lh-inferiortemporal,95,190,-11.251398940148807,0.8163916603721678,58.72502422740116,0.5812999990015977,-19.758611015225878,0.7028012080542638,0.9714897161175252
aseg+DKT_ctx-rh-postcentral,95,190,-17.378192523018342,0.49566092075744395,192.35468608644206,0.02078466043860402,-9.933150244264151,0.715538533041764,0.9714897161175252
aseg+DKT_ctx-lh-rostralmiddlefrontal,95,190,-80.86918023652336,0.00739187654186912,-343.6046489137183,0.0021480339502060295,-11.734766067856,0.7160550176206528,0.9714897161175252
hypothalamus.HypVINN_R-Chiasma-Opticum,95,190,-1.097230791784464,0.7935703972091868,4.977105696907128,0.3380279704535659,1.5118414351432994,0.7358328503084834,0.9714897161175252
cerebellum.CerebNet_Cbm_Right_CrusII,95,190,9.642067388205716,0.8516079826733574,2.991062110357515,0.9782718221091832,18.5524392426987,0.7362634988107968,0.9714897161175252
hypothalamus.HypVINN_Third-Ventricle,95,190,-0.9379326891087593,0.8775477102842053,-27.404456776497845,0.3292270820665747,2.149786776180396,0.7410253142538685,0.9714897161175252
aseg+DKT_Right-Lateral-Ventricle,95,190,71.60640534486903,0.07408232436591586,-367.7509970709635,0.5534224091292612,-14.07880818487954,0.7422309493037755,0.9714897161175252
aseg+DKT_Left-Amygdala,95,190,2.1963191814707264,0.846966799601052,-2.319268706770477,0.8811918006919547,-3.4682497609578835,0.7755198340041645,0.9714897161175252
aseg+DKT_ctx-rh-parahippocampal,95,190,8.188400595825456,0.4016839514349748,-42.79531783089843,0.014485355364522287,2.9304780726912414,0.7788375687774816,0.9714897161175252
aseg+DKT_ctx-lh-pericalcarine,95,190,-5.352613815816853,0.7430242021140325,55.64900290396905,0.23934823624202983,4.776766927594324,0.7842508763488211,0.9714897161175252
aseg+DKT_CSF,95,190,8.010230296185446,0.1862806211840058,-27.78063735194389,0.1520658575861493,1.7495089727852509,0.787066334553476,0.9714897161175252
hypothalamus.HypVINN_R-Post-Hypothalamus,95,190,1.6607271294141308,0.5865761379791681,-0.08110211400574352,0.9820282262816191,-0.8743662178630164,0.7887735237846951,0.9714897161175252
hypothalamus.HypVINN_Hypophysis,95,190,5.777919099424814,0.6153345445026004,-4.065847074693655,0.8353987844648605,-3.182927469904571,0.7956286759659463,0.9714897161175252
aseg+DKT_ctx-lh-inferiorparietal,95,190,-45.425038330976264,0.3531972585969072,136.19861702246686,0.29409335270395065,12.782074642895529,0.8068769566205106,0.9714897161175252
aseg+DKT_ctx-rh-rostralanteriorcingulate,95,190,-27.67469823992249,0.0036769419169711734,-38.17074028417605,0.3146209480177812,-2.3725868120378055,0.8157373425139541,0.9714897161175252
aseg+DKT_Right-Pallidum,95,190,-0.06407367512940776,0.9943942058937244,7.237602348351149,0.6967166045745854,2.187288669183942,0.8224244146782803,0.9714897161175252
aseg+DKT_ctx-lh-supramarginal,95,190,-29.23594048476209,0.3739509149666025,157.7636265106512,0.1381653549205209,-7.259075809147628,0.8363396956709522,0.9714897161175252
aseg+DKT_ctx-lh-parsopercularis,95,190,-4.180664673319693,0.7729963908080617,48.135150427349224,0.44976844356914647,-3.094163694095246,0.8416447648268444,0.9714897161175252
aseg+DKT_ctx-rh-superiortemporal,95,190,-122.47532967978127,0.00027088641510432485,-129.03773106137436,0.22238575719305242,7.02187745175736,0.8450986626178575,0.9714897161175252
hypothalamus.HypVINN_L-C.mammilare,95,190,0.8640029144466564,0.5452713762061949,-2.30246537520757,0.2715582378864816,0.2896920600343862,0.8494918833427427,0.9714897161175252
aseg+DKT_ctx-rh-supramarginal,95,190,15.749046726045613,0.5747865357467228,-9.806089963994555,0.907659612409194,5.353418537074496,0.8583693965806672,0.9714897161175252
cerebellum.CerebNet_Cbm_Vermis,95,190,-4.56020046873124,0.8458992977791967,27.903004745293,0.6103495780490713,-4.30810893838405,0.8635869699591907,0.9714897161175252
aseg+DKT_ctx-rh-entorhinal,95,190,-24.41426923600037,0.05091535824170974,16.43703488714076,0.3680031611590566,-2.1409878460002294,0.8727311448140311,0.9714897161175252
cerebellum.CerebNet_Cbm_Left_V,95,190,5.858630443235078,0.7374462682537768,-52.70115137548233,0.14992360344486563,-2.9571165059814355,0.8741934534797171,0.9714897161175252
aseg+DKT_Left-VentralDC,95,190,7.864974362623111,0.42743357742616317,10.445182602178765,0.6929244734603882,-1.675428329917232,0.874305633047914,0.9714897161175252
aseg+DKT_ctx-rh-parstriangularis,95,190,-9.551284494892412,0.613986145157177,22.65631339570704,0.7146740578793553,-3.09155150861789,0.8785757459180188,0.9714897161175252
aseg+DKT_ctx-lh-lingual,95,190,-41.200913195314435,0.17116097265213093,35.36613373341174,0.6494761409187448,4.8300350161643735,0.8806694749948699,0.9714897161175252
aseg+DKT_ctx-rh-cuneus,95,190,22.12967672186755,0.36598906446250734,-0.2357110602525529,0.9965111126806728,-3.471442774467474,0.8944330582140549,0.9714897161175252
aseg+DKT_ctx-rh-parsorbitalis,95,190,-33.81205216345191,0.015211249289267705,12.321534581306155,0.6959345453842003,1.853134247674585,0.9009321241781015,0.9714897161175252
hypothalamus.HypVINN_R-C.mammilare,95,190,0.7880882857699829,0.6191076405069064,-1.9464026201921665,0.38295125563988086,0.20047116137212323,0.9058100407194906,0.9714897161175252
aseg+DKT_Right-Hippocampus,95,190,26.25547676594675,0.021509303348683458,-27.138694989250347,0.4116707699472322,-1.4402046441843497,0.9060656286673469,0.9714897161175252
aseg+DKT_4th-Ventricle,95,190,-13.412314601318815,0.08548429226816481,-27.016452600158086,0.38830952652336825,0.9384343926810131,0.9103470067115271,0.9714897161175252
aseg+DKT_ctx-lh-superiorfrontal,95,190,-116.96615608086049,0.040818638351486684,-232.1088566871171,0.19940908578872152,-5.990144665144424,0.921916110545672,0.976548176355786
hypothalamus.HypVINN_L-Optic-tract,95,190,0.954184447996402,0.7849621634138914,-0.684670132283836,0.8778209955515536,-0.24620268350771188,0.9474751095967296,0.991126284151527
hypothalamus.HypVINN_L-Chiasma-Opticum,95,190,2.6090166948383753,0.5002367330731143,-0.784827275407009,0.8723897340075678,0.26175321174029836,0.949540565935379,0.991126284151527
aseg+DKT_ctx-rh-posteriorcingulate,95,190,-6.805109133439073,0.6280479102076849,31.1041896491275,0.4667217748971376,0.6756609884136471,0.9640974386664728,0.9960153959698705
aseg+DKT_ctx-rh-rostralmiddlefrontal,95,190,-39.02997898271225,0.2797060158874557,-394.6712855411678,0.0017467274632540788,-0.8647516506636606,0.9821191073012571,0.9960153959698705
cerebellum.CerebNet_Cbm_Right_V,95,190,13.264133170221886,0.5334399727450858,-65.20466299282148,0.11297934860115944,-0.47383421239040674,0.983391605413755,0.9960153959698705
aseg+DKT_ctx-rh-paracentral,95,190,-36.30832135363535,0.11029707322468085,24.047551851181595,0.6080422954223137,-0.19105859830796007,0.9937264602748274,0.9960153959698705
aseg+DKT_ctx-rh-pericalcarine,95,190,17.59286739219093,0.36123274682697815,60.106721980759005,0.13206863091991153,-0.158385132065017,0.9938631819369094,0.9960153959698705
aseg+DKT_Left-Putamen,95,190,-14.491638357576095,0.32806988052259456,14.677903780978227,0.7045504360645081,-0.07907945407325258,0.9960153959698705,0.9960153959698705
