feature,PC1,PC2,PC3,PC4,PC5
aseg+DKT_3rd-Ventricle,0.05017491345604277,0.0535445063726834,0.2721767536370564,0.031304346655328524,0.1215618001108704
aseg+DKT_4th-Ventricle,0.05092508709507937,0.09609423152589916,0.1428768385323288,0.05103854779696798,-0.0013406665679183138
aseg+DKT_Brain-Stem,0.11021839322311766,0.061625229690586106,-0.0669984282904943,-0.012233767554173512,0.08100390525597766
aseg+DKT_CSF,0.0706215689252827,0.06381906468237591,0.21007983948294018,0.003855139978102856,-0.02771885335801194
aseg+DKT_Left-Accumbens-area,0.109051179101961,-0.043349764301768956,-0.05225463425189458,-0.03065618409644344,-0.0056421593600898545
aseg+DKT_Left-Amygdala,0.0879052840251548,-0.05981650823516427,-0.014814511154510324,0.00955544831592324,0.19164614559377602
aseg+DKT_Left-Caudate,0.0849358449837254,0.017047260928496177,0.12219092954265083,-0.01778498522276828,0.034724042112491
aseg+DKT_Left-Cerebellum-Cortex,0.09948680894838964,0.18255941074630208,-0.05639323510334282,-0.06370902188741756,0.009456873098362628
aseg+DKT_Left-Cerebellum-White-Matter,0.10362761120547664,0.15044778480529666,-0.03723003596845408,-0.05160632876885779,0.05321772297174404
aseg+DKT_Left-Cerebral-White-Matter,0.1252485956501958,-0.05789349382103612,0.04345788388155045,-0.004898869762466817,-0.03417974085821368
aseg+DKT_Left-Hippocampus,0.09584118754570727,-0.0566021531684311,-0.12339760257196039,-0.02038129562021084,0.13300888707314837
aseg+DKT_Left-Inf-Lat-Vent,0.03734022030195201,0.04750967645791188,0.22483006461424518,-0.011750264449223714,0.23072879966414406
aseg+DKT_Left-Lateral-Ventricle,0.02890014123798566,0.06913901707543589,0.28918319445017665,-0.0010613903908589734,0.04026842378539201
aseg+DKT_Left-Pallidum,0.10750031746428065,-0.002882777220510301,-0.043316457801414104,-0.0005093461853425466,0.056752356811598424
aseg+DKT_Left-Putamen,0.10524509097920694,-0.05700398703982832,-0.06702192334772925,-0.04122287133646934,0.011656078500786596
aseg+DKT_Left-Thalamus,0.1055150999161098,-0.06429800839625138,-0.06134647081390168,-0.04521289012303911,0.08075266779286341
aseg+DKT_Left-VentralDC,0.1152686828300573,-0.018637906078198038,-0.0730303251263921,0.03321577372691828,0.11971018984675254
aseg+DKT_Left-choroid-plexus,0.05112014556373826,0.05081642297991531,0.19820631905046354,0.05749443906934506,-0.050408827717308605
aseg+DKT_Right-Accumbens-area,0.09875504581380073,-0.07774082188177109,-0.06092545668824062,-0.015346843522916815,0.00883365930112297
aseg+DKT_Right-Amygdala,0.10308790607127533,-0.042489915244218704,-0.01609800853127288,-0.012960956116738946,0.13902048232817177
aseg+DKT_Right-Caudate,0.0920767011519055,0.005535803055457543,0.12525719037513874,0.010364296492165598,0.011483877505861526
aseg+DKT_Right-Cerebellum-Cortex,0.10185698521637458,0.1710810314859998,-0.06291923703715994,-0.05757401632861353,0.002767621635249037
aseg+DKT_Right-Cerebellum-White-Matter,0.10447200121503876,0.14513401735276457,-0.043173639446181133,-0.031195096472890444,0.03221371147752441
aseg+DKT_Right-Cerebral-White-Matter,0.125029543975544,-0.056844876041455376,0.04431005467485724,-0.007440602191321558,-0.025266774633120784
aseg+DKT_Right-Hippocampus,0.0940283668369786,-0.06510935059888802,-0.12293001249416963,-0.029483282415865522,0.16186319655652537
aseg+DKT_Right-Inf-Lat-Vent,0.03942209382448542,0.041490878607663345,0.2371611834280874,0.015602299737539798,0.19846965532944938
aseg+DKT_Right-Lateral-Ventricle,0.035066186736357086,0.07079820843366297,0.28559790115286643,0.02650134880364827,0.032108301457240945
aseg+DKT_Right-Pallidum,0.10172123621425652,-0.009207841297957636,-0.08261682970447051,-0.03368518707437317,0.07437321101192228
aseg+DKT_Right-Putamen,0.10411647472345399,-0.060196007681935136,-0.08312833522497197,-0.040580690021565266,-0.020232492773990637
aseg+DKT_Right-Thalamus,0.11087805098963051,-0.038292589308968825,-0.01082493333855549,-0.0315770068857854,0.06049403031049004
aseg+DKT_Right-VentralDC,0.11851883210645112,-0.014908184990765011,-0.056720460909125525,0.03690399964790279,0.08964017318898762
aseg+DKT_Right-choroid-plexus,0.054108926903146275,0.06194401398162335,0.16987853318676174,0.06256263731271702,-0.06520170363505613
aseg+DKT_WM-hypointensities,0.031737578699365526,0.0030609445015444222,0.2673363815423402,-0.022295812521706992,0.10599622893490741
aseg+DKT_ctx-lh-caudalanteriorcingulate,0.103514222631671,-0.086506123768536,0.0013066720098197624,-0.04003983421843269,0.07155668097007972
aseg+DKT_ctx-lh-caudalmiddlefrontal,0.08125229560041375,0.0012373802016736755,0.03403225558487113,-0.00629698945403842,0.017515315693070174
aseg+DKT_ctx-lh-cuneus,0.0674615876901566,-0.12179874142942414,-0.04053119352455201,-0.06781254043980707,0.09380113795791573
aseg+DKT_ctx-lh-entorhinal,0.07162887755942579,-0.05154444464748375,-0.007525032147661651,0.011384546625259812,0.11119090988843768
aseg+DKT_ctx-lh-fusiform,0.08897766562842756,-0.020561710421904068,-0.002135684956054457,-0.08893228720414571,-0.06954431355193841
aseg+DKT_ctx-lh-inferiorparietal,0.08746594835187035,-0.0718586706518212,0.05188602977304604,-0.0013311234132757262,-0.16846045758924147
aseg+DKT_ctx-lh-inferiortemporal,0.10131147549540157,-0.03455318344458683,0.05807275870568925,-0.01407179964786788,-0.06373337653607054
aseg+DKT_ctx-lh-insula,0.11841471111343847,-0.017613162646798287,0.019625485364705247,0.01573780219222735,-0.08206980038114431
aseg+DKT_ctx-lh-isthmuscingulate,0.08150275635715848,-0.10741957002167792,-0.03366620345420528,0.04539154390683141,0.01476313716940688
aseg+DKT_ctx-lh-lateraloccipital,0.09009407620867727,-0.08343107023658294,-0.05982290004854263,-0.007575273471984063,0.030779248109367774
aseg+DKT_ctx-lh-lateralorbitofrontal,0.11191351618551867,-0.02173570900662744,0.04865495619868742,0.004773255555082456,-0.06871913920447766
aseg+DKT_ctx-lh-lingual,0.07781568975301412,-0.09075412879750708,-0.04697807735115883,-0.07886800142698462,0.11666420816069162
aseg+DKT_ctx-lh-medialorbitofrontal,0.10510714743171995,-0.06866463313717837,0.034221482368691526,-0.020981480882487937,0.02461603422289892
aseg+DKT_ctx-lh-middletemporal,0.10561201412232264,-0.020067270871681225,0.045918658871834155,0.013769652177959904,-0.07506876997093195
aseg+DKT_ctx-lh-paracentral,0.09201933375112044,-0.08836372804159227,0.060436054042866394,-0.06804613815961486,-0.06826222695590377
aseg+DKT_ctx-lh-parahippocampal,0.048692472696414156,-0.04128690239529674,0.009266961644125483,0.061621455256878566,0.1968958327358251
aseg+DKT_ctx-lh-parsopercularis,0.08193189661076385,-0.017734892692571065,-0.004496615188689214,-0.003187769094816692,-0.13736613037005227
aseg+DKT_ctx-lh-parsorbitalis,0.0736837883643065,-0.016395370480506086,-0.04143194857360302,-0.015292611824668624,-0.1355721605466812
aseg+DKT_ctx-lh-parstriangularis,0.07811090441532452,-0.02362860226346332,-0.08068729554174185,-0.03679506126381929,-0.030579109360614157
aseg+DKT_ctx-lh-pericalcarine,0.048488011855611766,-0.13925667164090716,-0.08268677004299627,-0.035945519541841574,0.14584807604922412
aseg+DKT_ctx-lh-postcentral,0.09074386916222267,-0.06978260066906578,0.0406806407994276,-0.027956803701390098,-0.04484792174257305
aseg+DKT_ctx-lh-posteriorcingulate,0.0672181798136355,-0.08796315451578081,-0.04673461228460209,0.041703086959804535,0.08998793652305698
aseg+DKT_ctx-lh-precentral,0.10053262021985333,-0.08927778261445768,0.017028084054354405,-0.020420528452987974,-0.048598833429768146
aseg+DKT_ctx-lh-precuneus,0.09957253432308441,-0.07380783406133141,0.05686914753984257,-0.03153196984140034,-0.04477806760845485
aseg+DKT_ctx-lh-rostralanteriorcingulate,0.09390917793797646,-0.05552732676306668,0.055722141159935096,-0.042556140237095995,0.021524774661005948
aseg+DKT_ctx-lh-rostralmiddlefrontal,0.10011774514347155,-0.04802056423635278,0.035403447227565714,-0.03757959605525061,0.0704453889383439
aseg+DKT_ctx-lh-superiorfrontal,0.11176554450061764,-0.05877192189442897,0.04061420611707254,0.004093066075447596,0.02228071875030003
aseg+DKT_ctx-lh-superiorparietal,0.07644761272443754,-0.10355277723325647,0.05673375099337483,-0.01114171295439588,-0.027116828219992253
aseg+DKT_ctx-lh-superiortemporal,0.10208600595587648,-0.022860891493399167,0.03027125202127414,-0.042241818243583376,-0.12068347060025729
aseg+DKT_ctx-lh-supramarginal,0.09502418527606328,-0.04494171169210874,0.03215014745913994,-0.06244699270230496,-0.19408177636252136
aseg+DKT_ctx-lh-transversetemporal,0.07124713677269211,-0.05464409771536258,-0.01978729292809818,-0.11849790838248497,-0.1105526960901498
aseg+DKT_ctx-rh-caudalanteriorcingulate,0.08239693022967995,-0.06263053649676563,0.05544096678271209,-0.03225238140343477,0.03268880321017656
aseg+DKT_ctx-rh-caudalmiddlefrontal,0.09266177448660155,-0.04657639261668328,0.04244176027719494,0.006495526245086559,0.02284231786674416
aseg+DKT_ctx-rh-cuneus,0.07114751337063198,-0.11125582531922248,-0.05867491160172918,-0.09594311835119332,0.19453820857025755
aseg+DKT_ctx-rh-entorhinal,0.07053954614143093,-0.04786981284381113,0.018928500269868698,0.010990153256878483,-0.10954870503450755
aseg+DKT_ctx-rh-fusiform,0.09803574165641005,-0.03306351691598561,0.004553303243000133,-0.061027448175024986,-0.1281171073057051
aseg+DKT_ctx-rh-inferiorparietal,0.08672159213867997,-0.0736576981644405,0.015775318124300892,0.02678073209290836,-0.11978582424032683
aseg+DKT_ctx-rh-inferiortemporal,0.09219621374231277,-0.034750612959292965,0.04355943928632813,-0.04292301351476666,-0.07263840127113265
aseg+DKT_ctx-rh-insula,0.11239083702449384,-0.013604193612550018,0.01899866256187399,0.00419627469350609,-0.08304714717359069
aseg+DKT_ctx-rh-isthmuscingulate,0.07948202715751501,-0.10556210263774321,-0.02227764469913806,0.0031053312090744134,0.0057727351936441105
aseg+DKT_ctx-rh-lateraloccipital,0.08896288064368708,-0.06757876905878883,-0.0048694341586846485,-0.013968944454667155,0.023852021196947834
aseg+DKT_ctx-rh-lateralorbitofrontal,0.10785603193749148,-0.04349346557069421,0.02333999882062303,0.029689645820035766,-0.02694223224313992
aseg+DKT_ctx-rh-lingual,0.07099751766096603,-0.12656812875097018,-0.055698033796291936,-0.0813010881206476,0.08237086198665186
aseg+DKT_ctx-rh-medialorbitofrontal,0.10521633005314696,-0.042968014722237866,0.03646626931551936,-0.0001627795213535893,-0.06566978623031126
aseg+DKT_ctx-rh-middletemporal,0.1005550527943967,-0.024994897624345286,0.05266350457253293,0.0053969010009604565,-0.07880678726363198
aseg+DKT_ctx-rh-paracentral,0.09341861359440175,-0.03106124412069308,0.017756269217319633,-0.07113827942859423,-0.027485177889221973
aseg+DKT_ctx-rh-parahippocampal,0.0681155322465851,-0.0006811779129446625,0.010829513697072165,0.05780452448594066,0.19045277213912848
aseg+DKT_ctx-rh-parsopercularis,0.08035401829744608,-0.0250363384435156,0.006230502970339286,-0.09238658743668923,-0.16040156073724124
aseg+DKT_ctx-rh-parsorbitalis,0.05881208916426479,-0.060955506329819636,-0.018240780931909787,0.04115670670261605,0.019511314488180276
aseg+DKT_ctx-rh-parstriangularis,0.0866545276864581,-0.004002809337660964,-0.0778870655514464,-0.08465986992286774,-0.09918523103921147
aseg+DKT_ctx-rh-pericalcarine,0.04185031846189133,-0.10539212878474502,-0.08266124455645173,-0.07178342951825782,0.17583657567397598
aseg+DKT_ctx-rh-postcentral,0.09457332447050698,-0.08279095864977203,0.03702014957833434,-0.09742031865411863,-0.08236532161734417
aseg+DKT_ctx-rh-posteriorcingulate,0.06552189039054804,-0.08482972746480924,-0.025821800952920682,-0.054263158622871094,-0.030699505432742556
aseg+DKT_ctx-rh-precentral,0.10391949001157864,-0.058107634372441236,0.026933928474334786,-0.030928643030137332,-0.01322330535059377
aseg+DKT_ctx-rh-precuneus,0.10104745357357457,-0.09792333524199977,0.03248591967155592,-0.01707882491420852,0.009574054103613151
aseg+DKT_ctx-rh-rostralanteriorcingulate,0.07596848932762652,-0.045602340859574014,0.04801017908142389,0.05364600483908961,-0.035499344330638935
aseg+DKT_ctx-rh-rostralmiddlefrontal,0.0883125897950405,-0.06979111850859314,0.06505423200256856,0.06287779320202842,0.10536445696044035
aseg+DKT_ctx-rh-superiorfrontal,0.11589818975523877,-0.04374496875542931,0.026343189347638324,-0.035845547242415704,0.03455410210022616
aseg+DKT_ctx-rh-superiorparietal,0.0814905496580977,-0.0882023825945049,0.09540145687131404,-0.02931133619000323,-0.02524571946209696
aseg+DKT_ctx-rh-superiortemporal,0.10290342114340564,-0.05532212004905819,0.014103126677152654,-0.014681497644077099,-0.10016790292995935
aseg+DKT_ctx-rh-supramarginal,0.10083763370640102,-0.07131687621428273,0.009918234077176775,-0.053627650267194765,-0.13057529112369487
aseg+DKT_ctx-rh-transversetemporal,0.06788606298940095,-0.0837523623871821,-0.0031916714478937933,-0.013670756701858336,-0.14737809398567234
cerebellum.CerebNet_Cbm_Left_CrusI,0.07416254284627126,0.12932356645708204,-0.08618335782591967,-0.0885159259901859,-0.011592940125325106
cerebellum.CerebNet_Cbm_Left_CrusII,0.036264355557865294,0.16927316476297002,-0.04383087289531025,-0.1407461563285959,-0.008369252401510683
cerebellum.CerebNet_Cbm_Left_IX,0.04608704144285618,0.1897164337143699,-0.01929157979029289,-0.05617699375807732,0.014833013587651954
cerebellum.CerebNet_Cbm_Left_I_IV,0.08608888905381389,0.07942606543361992,-0.07279462273419408,0.05752407562285452,0.00211193381753671
cerebellum.CerebNet_Cbm_Left_V,0.09711420178259207,0.08365851803071578,-0.012738622774895559,0.006177946927363403,-0.030266601902055983
cerebellum.CerebNet_Cbm_Left_VI,0.08939807168676736,0.13192038111005192,-0.04292440036724246,-0.04477008856299792,-0.036746247701263265
cerebellum.CerebNet_Cbm_Left_VIIIa,0.08592479656921913,0.1319880809588386,-0.01891481606105806,0.06755209372707398,0.016498827780787456
cerebellum.CerebNet_Cbm_Left_VIIIb,0.08345136814831841,0.09828356695950217,0.0021476339384562918,0.05416267932415834,0.03494203302650879
cerebellum.CerebNet_Cbm_Left_VIIb,0.06222536019437383,0.16133770372268344,-0.037169969789718066,-0.01053461612858654,0.036779560484951304
cerebellum.CerebNet_Cbm_Left_X,0.044043632357141885,0.04582071662949187,-0.05555959058426773,0.11888572560667003,0.15893969569969196
cerebellum.CerebNet_Cbm_Right_CrusI,0.0815937176499699,0.12380691228677211,-0.07892282146472035,-0.0706723004971807,0.03380785589637695
cerebellum.CerebNet_Cbm_Right_CrusII,0.035320380102443684,0.16992426265004443,-0.05263917271030523,-0.16527979828813943,0.02185835754408947
cerebellum.CerebNet_Cbm_Right_IX,0.05306121421583493,0.1445180734567723,-0.06751716367936353,-0.05803763211815041,-0.005332780105444388
cerebellum.CerebNet_Cbm_Right_I_IV,0.08774187706845175,0.05726733997947776,-0.06845053811818404,0.032971471488989997,0.03652052292141078
cerebellum.CerebNet_Cbm_Right_V,0.0904374349060967,0.08989735148660273,-0.0247582781640224,-0.004410113863072822,0.010909290566052507
cerebellum.CerebNet_Cbm_Right_VI,0.08625289722357189,0.11550012869501701,-0.07334862163910766,-0.013340914811210502,-0.03239077450289325
cerebellum.CerebNet_Cbm_Right_VIIIa,0.08449587674814761,0.12013862503222518,-0.03638431555176187,0.06960108879693705,-0.012205790915914592
cerebellum.CerebNet_Cbm_Right_VIIIb,0.06807915395021663,0.10288765486350564,0.029092629047224573,0.12757856092018535,-0.0474600210144005
cerebellum.CerebNet_Cbm_Right_VIIb,0.07436358575420278,0.16325858539327534,-0.0341489940899838,-0.00983674731603257,0.008083060450113743
cerebellum.CerebNet_Cbm_Right_X,0.062157870280839876,0.07972787775699386,-0.00847254598173618,0.10016048914746127,0.05774747539228169
cerebellum.CerebNet_Cbm_Vermis,0.08894590883205566,0.14205467158117543,0.004402198550547061,-0.0816875871435093,-0.040365181268919255
cerebellum.CerebNet_Cbm_Vermis_IX,0.08298683353285775,0.13072455326866583,0.02876331147895959,-0.007547813033449618,-0.014683409163010953
cerebellum.CerebNet_Cbm_Vermis_VI,0.07246035611222326,0.06733825992728926,-0.009803289367196023,-0.09171373532464598,-0.021169036932210138
cerebellum.CerebNet_Cbm_Vermis_VII,0.032415839305096124,0.07186766722728738,-0.018623994467579216,-0.07311541102301852,-0.006639340415740032
cerebellum.CerebNet_Cbm_Vermis_VIII,0.06201893400475711,0.12904062353299128,0.012426946233512159,-0.033740499936320244,-0.051052727692883444
cerebellum.CerebNet_Cbm_Vermis_X,0.038242091732382154,0.10455046978127697,0.01981088161981462,-0.06660619511144927,-0.00997536022966003
cerebellum.CerebNet_Left-Cerebellum-Cortex,0.09910499198004512,0.1859207801067836,-0.06148208557190357,-0.048598790836311606,0.0016410191289369797
cerebellum.CerebNet_Left-Cerebellum-White-Matter,0.10049158335683235,0.15111004609115303,-0.045285761420058475,-0.05612077276849812,0.0546627914685684
cerebellum.CerebNet_Right-Cerebellum-Cortex,0.10123594065687667,0.17458705175443776,-0.07104563774923424,-0.03733154970866484,0.008392812479852902
cerebellum.CerebNet_Right-Cerebellum-White-Matter,0.10127270486959405,0.14375237311580183,-0.05107589862121784,-0.04190710841519319,0.015200020169029922
hypothalamus.HypVINN_Ant-Commisure,0.01933022023519326,-0.03188231446859745,-0.09899350209572925,0.20104941578541147,0.05054136946915605
hypothalamus.HypVINN_Hypophysis,0.057179702184721785,0.05154997473130303,-0.013198982681001063,0.12222668352179356,0.05853554167617385
hypothalamus.HypVINN_L-Ant-Hypothalamus,0.05027337883823721,0.0145142114326281,-0.1033642921044005,0.0811817504604293,-0.006596291890962358
hypothalamus.HypVINN_L-C.mammilare,0.04408895007371559,0.004420092083422447,0.013649551224108011,0.14295164125058588,-0.13732422616669132
hypothalamus.HypVINN_L-Chiasma-Opticum,0.03618923663118947,0.05514715040941347,-0.026988969322118618,0.1645184347909305,0.028708721391867743
hypothalamus.HypVINN_L-Fornix,0.0544720072943586,0.04477253117033189,0.07297801641632627,0.161991600207922,0.0030459091276367795
hypothalamus.HypVINN_L-Lat-Hypothalamus,0.04853429637571079,-0.0322812739005319,-0.07513534418149435,0.24919980395837452,-0.004578951651064145
hypothalamus.HypVINN_L-Med-Hypothalamus,0.06479622436399923,-0.005848834450533934,0.0581694147108341,0.17977886421219214,-0.014401108119905373
hypothalamus.HypVINN_L-Optic-tract,0.06687784679854197,-0.03242346679872327,-0.059174435891537806,0.2180806817779917,0.07690408392082566
hypothalamus.HypVINN_L-Post-Hypothalamus,0.06361038013191349,0.011587225411732282,-0.07492805997366185,0.24253512977903205,-0.1186364688534598
hypothalamus.HypVINN_R-Ant-Hypothalamus,0.043840405464818634,0.052301078315787904,-0.12571668864571525,0.17196998257002305,0.00956303451806083
hypothalamus.HypVINN_R-C.mammilare,0.05317822934141748,-0.0031608662862167318,-0.012476420130508158,0.20565963354014785,-0.06446315755956274
hypothalamus.HypVINN_R-Chiasma-Opticum,0.03492648270575224,0.06999469502641106,-0.008503126349914326,0.14757739677104625,0.043296259572491794
hypothalamus.HypVINN_R-Fornix,0.05063724662578845,-0.03949044139196086,0.006808621814654666,0.15772540564260432,0.06213771468010146
hypothalamus.HypVINN_R-Lat-Hypothalamus,0.053429563741584335,-0.014827336052019227,-0.09516259972544769,0.22823735543558507,-0.027844272437386935
hypothalamus.HypVINN_R-Med-Hypothalamus,0.07077432495451487,0.006249265495707901,0.025611732990424754,0.17450806605793825,-0.08675929633205627
hypothalamus.HypVINN_R-Optic-tract,0.07781758824039724,-0.02883937886466924,-0.0573933918446607,0.20732231916450705,-0.010671367532529156
hypothalamus.HypVINN_R-Post-Hypothalamus,0.0639825828194382,0.0071799200411761434,-0.058993492481583386,0.2567987963543672,-0.1364337016731885
hypothalamus.HypVINN_Third-Ventricle,0.05144600489791868,0.0553806435905505,0.2736237596582118,0.04624280338660472,0.08536324341710758
hypothalamus.HypVINN_Tuberal-Region,0.04635073727689833,0.06585052214837989,0.0074438182265440505,0.10189135772632815,-0.05954522629498317
