subject_id,cohort,session,have_tp1,have_tp2,have_tp3,failed_QC,missing_demographics
I010,I,tp1,yes,no,no,,
I011,I,tp1,yes,no,no,,
I012,I,tp1,yes,no,yes,,
I012,I,tp3,yes,no,yes,,
I013,I,tp1,yes,no,no,,
I014,I,tp1,yes,no,no,,
I015,I,tp1,yes,no,no,,
I017,I,tp1,yes,no,no,,
I018,I,tp3,no,no,yes,,
I019,I,tp1,yes,no,yes,,
I019,I,tp3,yes,no,yes,,
I020,I,tp1,yes,no,yes,,
I020,I,tp3,yes,no,yes,,
I021,I,tp1,yes,no,no,,
I023,I,tp1,yes,no,no,,
I024,I,tp1,yes,no,no,,
I026,I,tp1,yes,no,no,,
I027,I,tp1,yes,no,no,,
I028,I,tp1,yes,no,no,,
I029,I,tp1,yes,no,no,,
I030,I,tp1,yes,no,yes,,
I030,I,tp3,yes,no,yes,,
I031,I,tp1,yes,no,no,yes,
I032,I,tp1,yes,no,yes,,
I032,I,tp3,yes,no,yes,,
I033,I,tp1,yes,yes,yes,,
I033,I,tp2,yes,yes,yes,,
I033,I,tp3,yes,yes,yes,yes,
I037,I,tp1,yes,no,yes,,
I037,I,tp3,yes,no,yes,yes,
I038,I,tp1,yes,no,no,,
I039,I,tp1,yes,no,no,,
I041,I,tp1,yes,yes,yes,,
I041,I,tp2,yes,yes,yes,,
I041,I,tp3,yes,yes,yes,,
I042,I,tp1,yes,no,no,,
I043,I,tp1,yes,yes,yes,,
I043,I,tp2,yes,yes,yes,,
I043,I,tp3,yes,yes,yes,,
I044,I,tp1,yes,no,yes,,
I044,I,tp3,yes,no,yes,,
I045,I,tp1,yes,no,yes,,
I045,I,tp3,yes,no,yes,,
I046,I,tp1,yes,no,no,,
I047,I,tp1,yes,no,yes,,
I047,I,tp3,yes,no,yes,,
I048,I,tp1,yes,no,yes,,
I048,I,tp3,yes,no,yes,,
I049,I,tp1,yes,no,no,,
I050,I,tp1,yes,no,yes,,
I050,I,tp3,yes,no,yes,,
I051,I,tp1,yes,no,yes,yes,
I051,I,tp3,yes,no,yes,,
I052,I,tp1,yes,no,no,,
I053,I,tp1,yes,yes,no,,
I053,I,tp2,yes,yes,no,,
I054,I,tp1,yes,no,yes,,
I054,I,tp3,yes,no,yes,yes,
I055,I,tp1,yes,no,no,,
I056,I,tp1,yes,no,no,,
I057,I,tp1,yes,no,no,,
I058,I,tp1,yes,no,no,,
I059,I,tp1,yes,no,no,,
I060,I,tp1,yes,no,yes,,
I060,I,tp3,yes,no,yes,,
I061,I,tp1,yes,no,no,yes,
I062,I,tp1,yes,no,no,yes,
I065,I,tp1,yes,no,no,,
I066,I,tp1,yes,no,yes,,
I066,I,tp3,yes,no,yes,,
I068,I,tp1,yes,no,yes,,
I068,I,tp3,yes,no,yes,,
I069,I,tp1,yes,no,yes,,
I069,I,tp3,yes,no,yes,,
I070,I,tp1,yes,no,no,,
I071,I,tp1,yes,no,no,,
I074,I,tp1,yes,no,no,,
I078,I,tp1,yes,no,no,yes,
I079,I,tp1,yes,no,yes,,
I079,I,tp3,yes,no,yes,,
I080,I,tp1,yes,yes,yes,,
I080,I,tp2,yes,yes,yes,,
I080,I,tp3,yes,yes,yes,,
I081,I,tp1,yes,no,no,,
I083,I,tp1,yes,yes,yes,,
I083,I,tp2,yes,yes,yes,,
I083,I,tp3,yes,yes,yes,,
I084,I,tp1,yes,yes,yes,,
I084,I,tp2,yes,yes,yes,,
I084,I,tp3,yes,yes,yes,,
I085,I,tp1,yes,no,yes,,
I085,I,tp3,yes,no,yes,,
I087,I,tp1,yes,no,no,yes,
I089,I,tp1,yes,no,yes,,
I089,I,tp3,yes,no,yes,,
I090,I,tp1,yes,no,no,,
I091,I,tp1,yes,no,yes,,
I091,I,tp3,yes,no,yes,,
I092,I,tp1,yes,no,no,,
I094,I,tp1,yes,no,no,,
I095,I,tp1,yes,no,yes,,
I095,I,tp3,yes,no,yes,,
I096,I,tp1,yes,no,yes,,
I096,I,tp3,yes,no,yes,,
I097,I,tp1,yes,no,yes,,
I097,I,tp3,yes,no,yes,,
I099,I,tp1,yes,no,no,,
I100,I,tp1,yes,no,yes,,
I100,I,tp3,yes,no,yes,,
I101,I,tp1,yes,no,no,,
I103,I,tp1,yes,no,yes,,
I103,I,tp3,yes,no,yes,,
I104,I,tp1,yes,no,yes,,Yes
I104,I,tp3,yes,no,yes,,Yes
I106,I,tp1,yes,no,yes,,
I106,I,tp3,yes,no,yes,,
I107,I,tp1,yes,yes,yes,,
I107,I,tp2,yes,yes,yes,yes,
I107,I,tp3,yes,yes,yes,,
I108,I,tp1,yes,no,no,,
I109,I,tp1,yes,no,yes,,
I109,I,tp3,yes,no,yes,,
I110,I,tp1,yes,no,no,,
I111,I,tp1,yes,no,no,,
I112,I,tp1,yes,no,no,,
I115,I,tp1,yes,yes,yes,,
I115,I,tp2,yes,yes,yes,,
I115,I,tp3,yes,yes,yes,,
I116,I,tp1,yes,no,no,,
I117,I,tp1,yes,yes,yes,,
I117,I,tp2,yes,yes,yes,,
I117,I,tp3,yes,yes,yes,,
I118,I,tp1,yes,no,no,,
I121,I,tp1,yes,yes,yes,,
I121,I,tp2,yes,yes,yes,,
I121,I,tp3,yes,yes,yes,,
I122,I,tp1,yes,yes,yes,,
I122,I,tp2,yes,yes,yes,,
I122,I,tp3,yes,yes,yes,,
I123,I,tp1,yes,yes,yes,,
I123,I,tp2,yes,yes,yes,yes,
I123,I,tp3,yes,yes,yes,yes,
I124,I,tp1,yes,no,yes,,
I124,I,tp3,yes,no,yes,,
I125,I,tp1,yes,yes,yes,,
I125,I,tp2,yes,yes,yes,,
I125,I,tp3,yes,yes,yes,,
I126,I,tp1,yes,no,yes,,
I126,I,tp3,yes,no,yes,,
I127,I,tp1,yes,yes,yes,,
I127,I,tp2,yes,yes,yes,,
I127,I,tp3,yes,yes,yes,,
I128,I,tp1,yes,no,yes,,
I128,I,tp3,yes,no,yes,,
I129,I,tp1,yes,no,yes,,
I129,I,tp3,yes,no,yes,,
I130,I,tp1,yes,no,yes,,
I130,I,tp3,yes,no,yes,,
I137,I,tp1,yes,no,yes,,
I137,I,tp3,yes,no,yes,,
I138,I,tp1,yes,yes,yes,,
I138,I,tp2,yes,yes,yes,,
I138,I,tp3,yes,yes,yes,,
I139,I,tp1,yes,yes,yes,,
I139,I,tp2,yes,yes,yes,,
I139,I,tp3,yes,yes,yes,,
I140,I,tp1,yes,no,no,,
I142,I,tp1,yes,no,no,,
I144,I,tp1,yes,no,no,,
I145,I,tp1,yes,no,no,,
I146,I,tp1,yes,no,yes,,
I146,I,tp3,yes,no,yes,,
I148,I,tp1,yes,yes,yes,,
I148,I,tp2,yes,yes,yes,,
I148,I,tp3,yes,yes,yes,,
I150,I,tp1,yes,no,yes,,
I150,I,tp3,yes,no,yes,,
I152,I,tp1,yes,no,no,,
I153,I,tp1,yes,no,no,,
I154,I,tp1,yes,no,no,,
I155,I,tp1,yes,no,yes,,
I155,I,tp3,yes,no,yes,,
I157,I,tp1,yes,no,yes,,
I157,I,tp3,yes,no,yes,,
I159,I,tp1,yes,no,yes,,
I159,I,tp3,yes,no,yes,,
I160,I,tp1,yes,no,yes,,
I160,I,tp3,yes,no,yes,,
I162,I,tp1,yes,no,yes,yes,
I162,I,tp3,yes,no,yes,yes,
I163,I,tp1,yes,no,yes,,
I163,I,tp3,yes,no,yes,,
I164,I,tp1,yes,no,yes,,
I164,I,tp3,yes,no,yes,,
I165,I,tp1,yes,no,no,,
I166,I,tp1,yes,yes,yes,,
I166,I,tp2,yes,yes,yes,,
I166,I,tp3,yes,yes,yes,yes,
I167,I,tp1,yes,no,yes,,
I167,I,tp3,yes,no,yes,,
I169,I,tp1,yes,no,no,yes,
I170,I,tp1,yes,no,yes,yes,
I170,I,tp3,yes,no,yes,yes,
I174,I,tp1,yes,no,no,,
I175,I,tp1,yes,no,yes,,
I175,I,tp3,yes,no,yes,,
I176,I,tp1,yes,no,yes,,
I176,I,tp3,yes,no,yes,,
I177,I,,no,no,no,,
I178,I,tp1,yes,no,yes,,
I178,I,tp3,yes,no,yes,,
I179,I,tp1,yes,yes,yes,,
I179,I,tp2,yes,yes,yes,,
I179,I,tp3,yes,yes,yes,,
I180,I,tp1,yes,yes,yes,,
I180,I,tp2,yes,yes,yes,,
I180,I,tp3,yes,yes,yes,,
I181,I,tp1,yes,no,no,,
I182,I,tp1,yes,no,yes,,
I182,I,tp3,yes,no,yes,,
I183,I,tp1,yes,no,yes,,
I183,I,tp3,yes,no,yes,,
I184,I,tp1,yes,no,yes,,
I184,I,tp3,yes,no,yes,,
I186,I,tp1,yes,yes,yes,,
I186,I,tp2,yes,yes,yes,,
I186,I,tp3,yes,yes,yes,,
I187,I,tp1,yes,yes,yes,,
I187,I,tp2,yes,yes,yes,,
I187,I,tp3,yes,yes,yes,,
I188,I,tp1,yes,no,yes,,
I188,I,tp3,yes,no,yes,,
I189,I,tp1,yes,yes,yes,,
I189,I,tp2,yes,yes,yes,,
I189,I,tp3,yes,yes,yes,,
I190,I,tp1,yes,no,yes,,
I190,I,tp3,yes,no,yes,,
I191,I,tp1,yes,yes,yes,,
I191,I,tp2,yes,yes,yes,,
I191,I,tp3,yes,yes,yes,,
I192,I,tp1,yes,no,yes,,
I192,I,tp3,yes,no,yes,,
I193,I,tp1,yes,no,no,,
I194,I,tp1,yes,no,yes,,
I194,I,tp3,yes,no,yes,,
I195,I,tp1,yes,no,no,,
I196,I,tp1,yes,no,no,yes,
I197,I,tp1,yes,no,no,,
I199,I,tp1,yes,no,no,,
I200,I,tp1,yes,yes,yes,,
I200,I,tp2,yes,yes,yes,,
I200,I,tp3,yes,yes,yes,,
I201,I,tp1,yes,yes,yes,,
I201,I,tp2,yes,yes,yes,,
I201,I,tp3,yes,yes,yes,,
I202,I,tp1,yes,no,no,,
I204,I,tp1,yes,yes,yes,,
I204,I,tp2,yes,yes,yes,,
I204,I,tp3,yes,yes,yes,,
I205,I,tp1,yes,yes,yes,,
I205,I,tp2,yes,yes,yes,,
I205,I,tp3,yes,yes,yes,,
I206,I,tp1,yes,no,yes,yes,
I206,I,tp3,yes,no,yes,,
I208,I,tp1,yes,yes,yes,,
I208,I,tp2,yes,yes,yes,,
I208,I,tp3,yes,yes,yes,,
I209,I,tp1,yes,yes,yes,,
I209,I,tp2,yes,yes,yes,,
I209,I,tp3,yes,yes,yes,,
I210,I,tp1,yes,no,yes,,
I210,I,tp3,yes,no,yes,,
I211,I,tp1,yes,no,yes,,
I211,I,tp3,yes,no,yes,,
I213,I,tp1,yes,yes,yes,,
I213,I,tp2,yes,yes,yes,,
I213,I,tp3,yes,yes,yes,,
I214,I,tp3,no,no,yes,,
I215,I,tp1,yes,no,yes,,
I215,I,tp3,yes,no,yes,,
I216,I,tp1,yes,no,yes,,
I216,I,tp3,yes,no,yes,,
I218,I,tp1,yes,no,no,,
I219,I,tp1,yes,no,no,,
I221,I,tp1,yes,no,yes,,
I221,I,tp3,yes,no,yes,,
I222,I,tp1,yes,no,no,,Yes
I223,I,tp1,yes,no,yes,,
I223,I,tp3,yes,no,yes,,
I224,I,tp1,yes,no,no,,
I225,I,tp1,yes,no,yes,,
I225,I,tp3,yes,no,yes,,
I226,I,tp1,yes,no,no,,
I227,I,tp1,yes,no,yes,,
I227,I,tp3,yes,no,yes,,
I228,I,tp1,yes,no,no,,
I229,I,tp1,yes,no,yes,,
I229,I,tp3,yes,no,yes,,
I230,I,tp1,yes,no,no,,Yes
I231,I,tp1,yes,no,no,,
I234,I,tp1,yes,yes,yes,,
I234,I,tp2,yes,yes,yes,,
I234,I,tp3,yes,yes,yes,,
I235,I,tp1,yes,no,yes,,
I235,I,tp3,yes,no,yes,,
I236,I,tp1,yes,no,yes,,
I236,I,tp3,yes,no,yes,,
I237,I,tp1,yes,no,yes,,
I237,I,tp3,yes,no,yes,,
I238,I,tp1,yes,no,yes,,
I238,I,tp3,yes,no,yes,,
I239,I,tp1,yes,no,yes,,
I239,I,tp3,yes,no,yes,,
I240,I,tp1,yes,no,no,,
I241,I,tp1,yes,no,yes,,
I241,I,tp3,yes,no,yes,,
I243,I,tp1,yes,no,yes,,
I243,I,tp3,yes,no,yes,,
I244,I,tp1,yes,no,yes,,
I244,I,tp3,yes,no,yes,,
I245,I,tp1,yes,no,no,,
I246,I,tp1,yes,no,yes,,
I246,I,tp3,yes,no,yes,,
I248,I,tp1,yes,no,yes,,
I248,I,tp3,yes,no,yes,,
I249,I,tp1,yes,no,yes,,
I249,I,tp3,yes,no,yes,,
I250,I,tp1,yes,no,yes,,
I250,I,tp3,yes,no,yes,,
I252,I,tp1,yes,no,yes,,
I252,I,tp3,yes,no,yes,,
II022,II,tp1,yes,no,no,,
II097,II,tp1,yes,no,no,,
II1001,II,tp1,yes,no,no,,
II1025,II,tp1,yes,no,no,yes,
II1044,II,tp1,yes,no,no,,
II105,II,tp1,yes,no,no,,
II1116,II,tp1,yes,no,no,,
II1134,II,tp1,yes,no,no,,
II1281,II,tp1,yes,no,no,,
II1311,II,tp1,yes,no,no,,
II1489,II,tp1,yes,no,no,,
II1557,II,tp1,yes,no,no,,
II176,II,tp1,yes,no,no,,
II184,II,tp1,yes,no,no,,
II1913,II,tp1,yes,no,no,,
II1929,II,tp1,yes,no,no,,
II1995,II,tp1,yes,no,no,,
II2012,II,tp1,yes,no,no,,
II2157,II,tp1,yes,no,no,,
II2314,II,tp1,yes,no,no,,
II2374,II,tp1,yes,no,no,,
II240,II,tp1,yes,no,no,,
II2448,II,tp1,yes,no,no,,
II2499,II,tp1,yes,no,no,,
II2553,II,tp1,yes,no,no,,
II2558,II,tp1,yes,no,no,,
II296,II,tp1,yes,no,no,,
II298,II,tp1,yes,no,no,,
II333,II,tp1,yes,no,no,,
II375,II,tp1,yes,no,no,,
II389,II,tp1,yes,no,no,yes,
II398,II,tp1,yes,no,no,,
II407,II,tp1,yes,no,no,,
II469,II,tp1,yes,no,no,,
II477,II,tp1,yes,no,no,,
II674,II,tp1,yes,no,no,,
II739,II,tp1,yes,no,no,,
II745,II,tp1,yes,no,no,yes,
II760,II,tp1,yes,no,no,,
II780,II,tp1,yes,no,no,,
II906,II,tp1,yes,no,no,,
II923,II,tp1,yes,no,no,,
II930,II,tp1,yes,no,no,,
II997,II,tp1,yes,no,no,,
III003,III,tp1,yes,no,no,,
III004,III,tp1,yes,no,no,,
III005,III,tp1,yes,no,no,,
III006,III,tp1,yes,no,no,,
III008,III,tp1,yes,no,no,,
III009,III,tp1,yes,no,no,,
III010,III,tp1,yes,no,no,,
III011,III,tp1,yes,no,no,,
III012,III,tp1,yes,no,no,,
III013,III,tp1,yes,no,no,,
III014,III,tp1,yes,no,no,,
III015,III,tp1,yes,no,no,,
III016,III,tp1,yes,no,no,,
III018,III,tp1,yes,no,no,,
III019,III,tp1,yes,no,no,,
III020,III,tp1,yes,no,no,,
III021,III,tp1,yes,no,no,,
III022,III,tp1,yes,no,no,,
III023,III,tp1,yes,no,no,,
III025,III,tp1,yes,no,no,,
III026,III,tp1,yes,no,no,,
III027,III,tp1,yes,no,no,yes,
III028,III,tp1,yes,no,no,,
III029,III,tp1,yes,no,no,,
III030,III,tp1,yes,no,no,,
III031,III,tp1,yes,no,no,,
III032,III,tp1,yes,no,no,,
III033,III,tp1,yes,no,no,,
III034,III,tp1,yes,no,no,,
III035,III,tp1,yes,no,no,,
III036,III,tp1,yes,no,no,,
III037,III,tp1,yes,no,no,yes,
III038,III,tp1,yes,no,no,yes,
III039,III,tp1,yes,no,no,,
III040,III,tp1,yes,no,no,,
IV001,IV,tp1,yes,no,no,,
IV002,IV,tp1,yes,no,no,,
IV003,IV,tp1,yes,no,no,yes,
IV004,IV,tp1,yes,no,no,,
IV005,IV,tp1,yes,no,no,,
IV006,IV,tp1,yes,no,no,,
IV007,IV,tp1,yes,no,no,,
IV008,IV,tp1,yes,no,no,,
IV009,IV,tp1,yes,no,no,,
IV010,IV,tp1,yes,no,no,,
IV011,IV,tp1,yes,no,no,,
IV012,IV,tp1,yes,no,no,,
